a√±o,NCODI,camas_instalada,incubadoras_instalada,paritorios_instalada,quirofanos_instalada,salasHemo_instalada,camas_funcionamiento,incubadoras_funcionamiento,paritorios_funcionamiento,quirofanos_funcionamiento,salasHemo_funcionamiento,salas_rx_Hospital,salas_rx_CEP,puesto_HDia_medico,puesto_HDia_psiquiatrico,puesto_HDia_geriatrico,integradasPuestos_HDia_CMA,propiasPuestos_HDia_CMA,propiasQuirofanos_HDia_CMA
2016,1.0570000000000000e+03,106,0,0,0,0,76,0,0,0,0,4,0,0,0,0,0,0,0
2016,1.0310000000000000e+03,40,0,0,0,0,10,0,0,0,0,0,0,1,0,0,0,0,0
2016,1.0320000000000000e+03,230,8,8,12,1,196,8,8,12,1,4,0,25,0,0,31,0,0
2016,1.0640000000000000e+03,100,2,2,9,1,100,2,2,9,1,1,0,0,0,0,0,0,0
2016,2.2600000000000000e+02,82,2,1,5,1,82,2,1,5,1,2,0,0,0,0,5,0,5
2016,6.8700000000000000e+02,197,8,2,7,0,163,6,2,7,0,7,0,12,20,0,0,12,1
2016,7.4500000000000000e+02,747,34,3,16,2,738,34,3,16,2,22,10,71,42,0,0,22,2
2016,1.0900000000000000e+02,86,3,2,11,1,64,3,2,6,1,4,0,0,0,0,0,0,0
2016,8.0800000000000000e+02,309,8,8,9,0,282,6,8,9,0,5,0,6,22,0,16,0,0
2016,9.7100000000000000e+02,11,0,0,6,0,5,0,0,2,0,2,0,2,0,0,12,0,0
2016,1.2800000000000000e+02,33,1,1,3,0,33,0,0,3,0,1,0,3,0,0,2,2,1
2016,9.1900000000000000e+02,430,8,2,8,0,380,8,2,8,0,5,3,24,8,0,0,0,0
2016,7.2500000000000000e+02,913,28,3,32,2,815,28,3,32,2,16,0,91,0,0,0,20,3
2016,3.0000000000000000e+00,101,0,0,0,0,90,0,0,0,0,0,0,0,0,0,0,0,0
2016,3.0600000000000000e+02,281,0,0,0,0,281,0,0,0,0,0,0,0,0,0,0,0,0
2016,1.5000000000000000e+01,29,0,0,3,0,17,0,0,2,0,1,0,1,0,0,0,0,0
2016,2.6400000000000000e+02,77,3,0,4,0,77,3,1,4,0,2,0,0,0,0,0,0,0
2016,8.6700000000000000e+02,9,0,0,2,0,2,0,0,2,0,1,0,0,0,0,0,0,0
2016,9.1000000000000000e+02,227,2,1,11,0,185,2,1,11,0,8,0,16,0,0,1,10,1
2016,1.0530000000000000e+03,327,7,2,8,0,293,7,2,8,0,6,1,10,0,0,0,14,3
2016,1.0550000000000000e+03,381,8,3,15,1,372,8,3,14,1,18,0,30,0,0,0,39,6
2016,1.0810000000000000e+03,100,0,0,0,0,69,0,0,0,0,0,0,0,0,0,0,0,0
2016,1.0990000000000000e+03,20,0,2,5,0,20,0,0,3,0,1,0,1,0,0,0,0,0
2016,5.2900000000000000e+02,100,0,0,0,0,95,0,0,0,0,1,0,0,0,0,0,0,0
2016,3.4500000000000000e+02,170,0,0,0,0,168,0,0,0,0,0,0,0,0,0,0,0,0
2016,5.1500000000000000e+02,40,0,0,3,0,40,0,0,3,0,2,0,0,0,0,0,0,0
2016,1.7400000000000000e+02,65,0,0,3,0,49,0,0,2,0,0,0,0,0,0,0,0,3
2016,5.2300000000000000e+02,184,0,0,3,0,184,0,0,3,0,2,0,0,0,25,5,0,0
2016,6.9700000000000000e+02,193,9,3,6,1,193,9,3,6,1,5,0,1,1,1,1,1,1
2016,2.3900000000000000e+02,196,0,0,5,1,82,0,0,4,1,3,0,10,0,0,5,0,0
2016,2.8700000000000000e+02,287,4,3,11,1,197,3,3,11,1,6,0,0,0,16,0,0,0
2016,3.7700000000000000e+02,106,0,0,0,0,85,0,0,0,0,1,0,0,0,0,0,0,0
2016,1.1300000000000000e+02,205,0,0,0,0,203,0,0,0,0,0,0,0,1,0,0,0,0
2016,6.1900000000000000e+02,75,1,2,6,1,75,1,2,6,1,3,0,4,0,0,4,0,1
2016,1.6300000000000000e+02,20,0,0,4,0,20,0,0,4,0,5,0,0,0,0,0,9,4
2016,1.3100000000000000e+02,82,0,0,0,0,35,0,0,0,0,0,0,0,0,0,0,0,0
2016,3.7500000000000000e+02,63,0,0,0,0,63,0,0,0,0,1,0,0,0,0,0,0,0
2016,1.0900000000000000e+03,811,23,3,23,2,725,21,3,22,2,10,6,86,4,0,60,0,2
2016,7.6400000000000000e+02,736,13,2,16,1,639,13,2,16,1,17,0,16,56,8,32,0,0
2016,1.4000000000000000e+01,42,3,1,3,0,42,3,1,3,0,1,0,1,0,0,0,0,0
2016,6.5700000000000000e+02,135,3,1,5,0,93,1,1,4,0,3,0,1,0,0,1,0,0
2016,3.6200000000000000e+02,65,2,1,3,1,65,2,1,3,1,7,0,0,0,0,8,0,0
2016,9.8900000000000000e+02,93,2,1,4,0,57,1,1,4,0,5,0,6,0,0,0,0,0
2016,9.9000000000000000e+02,114,1,1,4,0,89,1,1,4,0,2,0,13,0,0,0,8,0
2016,6.8000000000000000e+02,797,24,3,28,2,715,24,3,27,2,12,3,36,0,0,3,0,0
2016,4.1100000000000000e+02,106,4,1,9,2,106,4,1,9,2,3,0,6,0,0,0,0,0
2016,2.4100000000000000e+02,96,3,2,7,1,96,3,2,7,1,2,0,6,0,0,2,0,0
2016,5.5800000000000000e+02,287,4,3,7,0,226,4,3,7,0,9,1,20,0,0,1,11,1
2016,1.6700000000000000e+02,26,2,1,2,0,16,1,1,2,0,1,0,0,0,0,0,0,0
2016,2.4800000000000000e+02,175,1,0,4,1,163,0,0,4,1,2,0,10,0,0,0,0,0
2016,2.2400000000000000e+02,23,1,1,2,0,23,1,1,2,0,2,0,0,0,0,0,0,1
2016,5.9100000000000000e+02,410,15,2,15,1,393,15,2,15,1,10,0,57,2,0,0,,4
2016,5.8600000000000000e+02,367,14,2,12,0,367,14,2,12,0,4,4,29,12,0,0,0,0
2016,4.5300000000000000e+02,179,0,0,0,0,110,0,0,0,0,1,0,1,0,0,0,0,0
2016,1.4500000000000000e+02,96,0,0,0,0,96,0,0,0,0,0,0,0,0,0,0,0,0
2016,5.1100000000000000e+02,270,11,2,9,0,270,11,2,9,0,6,3,10,0,0,0,14,0
2016,5.3000000000000000e+02,336,8,2,9,0,323,8,2,9,0,6,3,25,0,0,0,2,2
2016,6.0000000000000000e+00,66,3,1,8,0,55,3,1,8,0,1,0,0,0,0,10,0,0
2016,1.6100000000000000e+02,432,0,0,0,0,300,0,0,0,0,0,0,0,0,0,0,0,0
2016,6.2300000000000000e+02,390,14,2,10,2,361,14,2,10,2,8,2,18,0,0,0,0,0
2016,8.7500000000000000e+02,109,0,0,7,1,84,0,0,7,1,2,0,6,0,0,2,0,0
2016,9.4600000000000000e+02,140,3,1,4,1,140,3,1,4,1,3,0,0,0,0,0,0,0
2016,1.0230000000000000e+03,277,6,5,11,1,238,6,5,11,1,3,0,38,0,0,29,0,0
2016,1.0540000000000000e+03,267,12,2,15,1,211,6,2,13,1,6,0,16,0,0,0,24,2
2016,6.9200000000000000e+02,271,10,5,8,0,262,9,5,8,0,3,0,28,25,0,0,0,0
2016,3.3500000000000000e+02,160,0,0,0,0,160,0,0,0,0,0,0,0,0,0,0,0,0
2016,4.3500000000000000e+02,70,1,1,4,1,70,1,1,4,1,2,0,0,0,0,0,0,0
2016,4.2300000000000000e+02,31,3,1,2,0,31,3,1,2,0,2,0,,0,0,2,3,2
2016,3.5100000000000000e+02,85,0,0,3,0,52,0,0,3,0,2,0,3,0,0,3,2,1
2016,8.1000000000000000e+02,9,0,1,1,0,9,0,1,1,0,1,0,0,0,0,1,1,1
2016,8.3000000000000000e+02,224,6,2,8,0,224,6,2,8,0,3,0,7,0,0,10,0,2
2016,8.9200000000000000e+02,419,19,6,13,0,366,10,6,12,0,5,0,30,24,0,0,31,0
2016,9.2100000000000000e+02,170,4,4,9,1,170,4,4,9,1,2,0,1,0,0,6,6,0
2016,9.9100000000000000e+02,12,1,1,1,0,12,1,1,1,0,1,0,0,0,0,0,0,0
2016,9.9200000000000000e+02,165,6,1,6,0,165,2,1,6,0,4,0,7,15,0,8,12,1
2016,9.9300000000000000e+02,142,5,3,5,0,110,5,3,5,0,2,1,29,16,0,0,6,1
2016,1.0700000000000000e+03,824,30,6,27,3,735,30,6,25,3,8,0,31,40,0,0,20,4
2016,1.0950000000000000e+03,70,0,0,2,0,38,0,0,2,0,1,0,0,0,0,0,0,0
2016,1.0940000000000000e+03,34,0,0,4,0,34,0,0,4,0,1,0,1,0,0,0,4,4
2016,4.7300000000000000e+02,64,27,7,6,0,64,27,7,6,0,2,0,1,0,0,0,0,4
2016,6.6300000000000000e+02,406,9,2,11,1,393,9,2,11,1,4,2,53,13,0,7,0,0
2016,5.5200000000000000e+02,90,0,0,6,0,79,0,0,6,0,4,0,16,0,0,14,0,0
2016,7.7200000000000000e+02,628,0,0,25,2,628,0,0,25,2,8,0,70,56,50,0,0,6
2016,5.6800000000000000e+02,62,0,0,4,0,62,0,0,4,0,2,0,0,0,0,0,6,0
2016,3.9800000000000000e+02,132,0,0,5,0,100,0,0,5,0,2,0,0,0,0,0,0,0
2016,3.9400000000000000e+02,55,0,0,2,0,55,0,0,2,0,2,0,0,0,0,0,0,0
2016,6.1400000000000000e+02,22,0,0,2,0,22,0,0,2,0,0,0,0,0,0,0,7,0
2016,2.3500000000000000e+02,33,0,0,4,0,14,0,0,3,0,2,0,0,0,0,0,0,0
2016,6.1600000000000000e+02,90,0,0,6,0,57,0,0,6,0,0,0,20,0,0,0,15,0
2016,2.6700000000000000e+02,181,4,2,9,1,163,4,2,9,1,2,0,4,0,0,0,0,0
2016,5.6500000000000000e+02,200,0,0,5,0,178,0,0,5,0,1,0,8,0,0,0,22,0
2016,2.2000000000000000e+02,138,3,3,9,0,138,3,3,9,0,3,0,17,0,0,0,0,0
2016,2.7800000000000000e+02,154,6,3,8,0,154,6,3,8,0,0,0,0,0,0,0,0,0
2016,1.0700000000000000e+02,112,0,0,0,0,112,0,0,0,0,0,0,0,15,55,0,0,0
2016,7.1100000000000000e+02,623,17,3,22,3,549,17,3,22,3,7,0,93,42,0,22,0,0
2016,2.0400000000000000e+02,116,0,0,0,0,116,0,0,0,0,1,0,0,0,22,0,0,0
2016,5.7900000000000000e+02,31,0,0,2,0,31,0,0,2,0,4,0,0,0,0,0,0,0
2016,3.4800000000000000e+02,152,0,0,2,0,139,0,0,2,0,1,0,70,0,0,0,0,0
2016,7.6600000000000000e+02,116,0,0,8,0,111,0,0,8,0,5,0,8,0,0,0,0,0
2016,7.6100000000000000e+02,317,0,0,0,0,317,0,0,0,0,0,0,0,25,60,0,0,0
2016,7.2800000000000000e+02,336,0,0,19,0,291,0,0,19,0,7,0,11,0,0,0,17,4
2016,2.8000000000000000e+02,144,12,4,10,1,144,12,4,10,1,5,0,10,0,0,0,12,3
2016,2.2200000000000000e+02,44,0,0,6,0,44,0,0,6,0,2,0,1,0,0,0,0,0
2016,2.7600000000000000e+02,202,10,3,14,1,202,10,3,14,1,8,0,16,0,0,18,0,0
2016,1.1000000000000000e+01,201,0,2,8,1,170,0,2,8,1,4,0,9,0,0,0,2,0
2016,3.0200000000000000e+02,60,2,1,3,0,60,2,1,3,0,0,0,0,0,0,1,1,1
2016,6.8200000000000000e+02,161,0,0,8,0,161,0,0,8,0,1,0,11,0,0,0,0,0
2016,2.7900000000000000e+02,181,20,5,9,1,181,20,5,9,1,4,0,10,0,0,0,10,3
2016,2.8200000000000000e+02,257,11,3,21,1,257,11,3,21,1,8,0,11,0,0,0,31,4
2016,2.8100000000000000e+02,273,8,5,10,1,273,8,4,10,1,3,0,10,0,0,0,15,0
2016,1.8300000000000000e+02,30,0,0,3,0,30,0,0,3,0,1,0,0,0,0,0,0,0
2016,6.1000000000000000e+02,43,0,0,5,0,43,0,0,5,0,1,0,0,0,0,0,19,0
2016,1.1600000000000000e+02,428,0,0,0,0,389,0,0,0,0,0,0,0,0,20,0,0,0
2016,1.1500000000000000e+02,50,0,0,0,0,50,0,0,0,0,1,0,0,0,0,0,0,0
2016,1.1400000000000000e+02,74,0,0,0,0,74,0,0,0,0,0,0,0,0,0,0,0,0
2016,1.1900000000000000e+02,30,0,0,4,0,30,0,0,4,0,1,0,0,0,0,0,0,0
2016,7.7000000000000000e+02,573,13,3,21,1,553,13,3,21,1,16,0,31,18,0,0,9,5
2016,5.8300000000000000e+02,130,0,0,4,0,116,0,0,4,0,4,0,23,0,0,0,0,4
2016,1.3600000000000000e+02,209,0,0,0,0,172,0,0,0,0,1,0,0,0,46,0,0,0
2016,4.6900000000000000e+02,108,2,1,3,0,99,2,1,3,0,2,0,12,0,15,9,9,0
2016,6.4200000000000000e+02,202,2,3,5,0,202,2,3,5,0,5,0,7,0,20,0,0,0
2016,6.7400000000000000e+02,344,37,6,15,1,314,37,6,15,1,10,1,24,82,0,0,26,5
2016,1.9300000000000000e+02,155,0,0,0,0,155,0,0,0,0,1,0,0,0,17,0,0,0
2016,5.2600000000000000e+02,332,12,2,9,0,328,12,2,9,0,8,0,34,0,68,0,10,0
2016,6.9800000000000000e+02,780,0,0,28,2,649,0,0,28,2,10,0,19,10,0,0,24,0
2016,6.3000000000000000e+02,75,3,2,10,0,68,3,2,10,0,3,0,8,0,0,0,0,0
2016,1.2400000000000000e+02,140,0,0,0,0,130,0,0,0,0,0,0,0,0,30,0,0,0
2016,3.6400000000000000e+02,74,0,0,0,0,68,0,0,0,0,0,0,0,0,35,0,0,0
2016,4.3900000000000000e+02,56,4,2,5,0,56,4,2,5,0,2,0,4,0,0,0,0,1
2016,5.7000000000000000e+02,488,8,5,17,0,488,8,5,17,0,5,0,57,31,0,0,0,2
2016,1.2300000000000000e+02,190,0,0,0,0,153,0,0,0,0,0,0,0,0,58,0,0,0
2016,3.1000000000000000e+02,415,0,0,0,0,396,0,0,0,0,0,0,0,55,57,0,0,0
2016,5.7100000000000000e+02,129,2,2,5,0,129,2,2,5,0,3,0,16,0,0,0,1,1
2016,2.9600000000000000e+02,177,0,0,0,0,177,0,0,0,0,1,0,0,0,22,0,0,0
2016,5.6600000000000000e+02,155,4,3,7,0,118,4,3,7,0,3,0,20,20,0,11,0,0
2016,7.8400000000000000e+02,712,18,6,16,0,712,18,6,16,0,6,0,109,60,18,0,17,4
2016,1.0200000000000000e+02,677,0,0,0,0,677,0,0,0,0,1,0,0,15,20,0,0,0
2016,3.7900000000000000e+02,446,0,0,0,0,446,0,0,0,0,0,0,0,104,0,0,0,0
2016,6.3900000000000000e+02,246,1,4,5,0,199,1,4,5,0,5,0,6,0,0,0,8,0
2016,4.5700000000000000e+02,83,0,0,2,0,74,0,0,2,0,2,0,2,0,0,10,0,0
2016,6.0900000000000000e+02,334,10,2,15,2,305,10,2,15,2,13,0,8,10,0,9,0,0
2016,1.0100000000000000e+02,82,0,0,0,0,82,0,0,0,0,0,0,0,0,20,0,0,0
2016,4.5400000000000000e+02,231,2,1,4,0,228,2,1,4,0,3,0,20,0,0,0,4,1
2016,3.1800000000000000e+02,356,0,0,0,0,350,0,0,0,0,0,0,0,20,25,0,0,0
2016,6.0000000000000000e+02,181,2,5,8,0,119,2,5,8,0,3,0,20,0,0,0,16,0
2016,5.4500000000000000e+02,450,19,3,14,0,326,14,3,14,0,5,0,53,20,33,0,0,0
2016,1.0000000000000000e+02,78,0,0,0,0,75,0,0,0,0,0,0,0,0,32,0,0,0
2016,7.0200000000000000e+02,384,9,3,15,2,384,9,3,15,2,5,4,22,35,0,0,21,4
2016,7.7800000000000000e+02,216,3,5,10,0,197,3,5,8,0,4,0,60,22,0,0,22,3
2016,3.4100000000000000e+02,65,1,1,2,0,65,0,0,2,0,2,0,0,0,0,0,0,0
2016,9.9000000000000000e+01,103,0,0,0,0,100,0,0,0,0,0,0,0,0,50,0,0,0
2016,7.6700000000000000e+02,117,0,0,5,0,117,0,0,5,0,6,0,8,0,0,0,0,0
2016,3.5900000000000000e+02,110,0,0,2,0,110,0,0,2,0,2,0,0,0,30,4,8,2
2016,9.8000000000000000e+01,104,0,0,0,0,104,0,0,0,0,0,0,0,0,25,0,0,0
2016,1.3200000000000000e+02,125,0,0,0,0,105,0,0,0,0,0,0,0,0,0,0,0,0
2016,9.7000000000000000e+01,122,0,0,0,0,120,0,0,0,0,0,0,0,0,30,0,0,0
2016,1.0300000000000000e+02,42,0,0,0,0,41,0,0,0,0,0,0,0,0,20,0,0,0
2016,1.1000000000000000e+02,60,0,0,0,0,55,0,0,0,0,0,0,0,0,0,0,0,0
2016,9.4000000000000000e+01,30,0,0,0,0,30,0,0,0,0,0,0,0,0,0,0,0,0
2016,9.1000000000000000e+01,60,0,0,0,0,60,0,0,0,0,0,0,0,0,18,0,0,0
2016,6.6400000000000000e+02,366,4,2,12,0,336,4,2,12,0,8,0,55,25,0,17,0,0
2016,9.1800000000000000e+02,1106,45,6,39,3,1071,45,6,39,3,13,0,158,0,0,0,0,6
2016,9.2000000000000000e+01,56,0,0,0,0,56,0,0,0,0,0,0,0,0,0,0,0,0
2016,9.5000000000000000e+01,165,0,0,0,0,165,0,0,0,0,0,0,0,0,24,0,0,0
2016,3.0100000000000000e+02,20,0,0,4,0,20,0,0,4,0,1,1,0,0,0,0,0,0
2016,4.9200000000000000e+02,120,2,1,6,0,98,2,1,6,0,3,0,17,0,0,0,11,1
2016,8.1100000000000000e+02,68,0,1,1,1,68,0,1,1,1,1,0,3,0,0,0,0,0
2016,8.1200000000000000e+02,85,0,0,1,0,85,0,0,1,0,0,0,40,0,0,0,0,0
2016,8.3200000000000000e+02,20,0,0,0,0,20,0,0,0,0,0,0,0,0,0,0,0,0
2016,8.4100000000000000e+02,12,0,0,0,0,12,0,0,0,0,0,0,0,0,25,0,0,0
2016,8.5600000000000000e+02,89,0,0,0,0,89,0,0,0,0,0,0,0,0,30,0,0,0
2016,8.5900000000000000e+02,90,0,0,0,0,90,0,0,0,0,0,0,0,25,0,0,0,0
2016,8.6100000000000000e+02,40,0,0,0,0,38,0,0,0,0,0,0,0,0,0,0,0,0
2016,8.8000000000000000e+02,93,0,0,0,0,92,0,0,0,0,0,0,0,0,40,0,0,0
2016,8.8300000000000000e+02,153,0,0,0,0,153,0,0,0,0,0,0,0,16,0,0,0,0
2016,8.8400000000000000e+02,141,0,0,0,0,104,0,0,0,0,0,0,0,0,30,0,0,0
2016,8.7700000000000000e+02,38,0,0,0,0,38,0,0,0,0,0,0,0,0,0,0,0,0
2016,9.1100000000000000e+02,363,0,0,0,0,363,0,0,0,0,0,0,0,0,33,0,0,0
2016,9.1300000000000000e+02,28,0,0,0,0,28,0,0,0,0,0,0,0,20,0,0,0,0
2016,9.2200000000000000e+02,87,5,3,8,1,80,5,3,8,1,2,0,0,0,0,0,0,0
2016,9.2300000000000000e+02,84,0,0,0,0,84,0,0,0,0,0,0,0,0,0,0,0,0
2016,9.2400000000000000e+02,46,0,0,0,0,46,0,0,0,0,0,0,29,0,0,0,0,0
2016,9.4700000000000000e+02,26,0,0,0,0,26,0,0,0,0,0,0,0,0,0,0,0,0
2016,9.5100000000000000e+02,51,0,0,0,0,51,0,0,0,0,0,0,0,0,21,0,0,0
2016,1.1030000000000000e+03,123,0,0,0,0,119,0,0,0,0,0,0,0,0,30,0,0,0
2016,9.7200000000000000e+02,28,0,0,0,0,28,0,0,0,0,0,0,0,0,0,0,0,0
2016,9.7300000000000000e+02,51,0,0,2,1,30,0,0,2,1,2,0,0,0,0,15,10,2
2016,9.7400000000000000e+02,153,0,0,0,0,153,0,0,0,0,0,0,0,0,0,0,0,0
2016,9.7500000000000000e+02,101,0,0,0,0,101,0,0,0,0,0,0,0,0,25,0,0,0
2016,9.6000000000000000e+02,191,0,0,0,0,191,0,0,0,0,0,0,0,0,40,0,0,0
2016,1.0280000000000000e+03,12,0,0,0,0,12,0,0,0,0,0,0,0,0,0,0,0,0
2016,9.7600000000000000e+02,147,0,0,0,0,145,0,0,0,0,0,0,0,15,35,0,0,0
2016,9.7700000000000000e+02,174,0,0,0,0,174,0,0,0,0,0,0,0,0,0,0,0,0
2016,1.0200000000000000e+03,22,0,0,0,0,22,0,0,0,0,0,0,0,15,0,0,0,0
2016,9.9400000000000000e+02,245,6,3,5,0,238,6,3,5,0,6,0,23,0,0,0,30,0
2016,9.9500000000000000e+02,84,0,0,0,0,76,0,0,0,0,0,0,0,0,30,0,0,0
2016,1.0600000000000000e+03,25,0,0,0,0,25,0,0,0,0,0,0,0,35,0,0,0,0
2016,1.0050000000000000e+03,50,0,0,0,0,50,0,0,0,0,0,0,0,0,0,0,0,0
2016,1.0610000000000000e+03,10,0,0,0,0,10,0,0,0,0,0,0,0,0,0,0,0,0
2016,1.0060000000000000e+03,52,0,0,0,0,52,0,0,0,0,0,0,0,20,0,0,0,0
2016,1.0880000000000000e+03,10,0,0,5,0,5,0,0,4,0,0,0,0,0,0,0,4,4
2016,1.0890000000000000e+03,106,0,0,9,0,66,0,0,6,0,3,0,6,0,0,8,0,0
2016,1.0760000000000000e+03,4,0,0,0,0,4,0,0,0,0,0,0,0,0,0,0,0,0
2016,1.0780000000000000e+03,98,0,0,0,0,98,0,0,0,0,0,0,0,0,0,0,0,0
2016,1.0330000000000000e+03,421,0,0,12,0,358,0,0,12,0,3,0,47,0,0,0,0,0
2016,1.0370000000000000e+03,35,0,0,0,0,35,0,0,0,0,0,0,0,30,0,0,0,0
2016,1.0390000000000000e+03,50,0,0,0,0,50,0,0,0,0,0,0,0,80,0,0,0,0
2016,1.0670000000000000e+03,220,0,0,0,0,199,0,0,0,0,0,0,0,0,50,0,0,0
2016,1.0650000000000000e+03,228,0,0,0,0,228,0,0,0,0,1,0,0,0,0,0,0,0
2016,1.0660000000000000e+03,96,4,3,9,0,96,4,3,9,0,2,3,6,0,0,0,12,0
2016,1.1000000000000000e+03,109,0,0,0,0,73,0,0,0,0,0,0,0,0,30,0,0,0
2016,1.1050000000000000e+03,245,0,0,0,0,245,0,0,0,0,0,0,0,0,0,0,0,0
2016,1.1070000000000000e+03,17,0,0,3,0,17,0,0,3,0,0,0,0,0,0,0,3,3
2016,1.1110000000000000e+03,100,0,0,0,0,100,0,0,0,0,0,0,0,25,0,0,0,0
2016,1.1210000000000000e+03,51,0,0,0,0,51,0,0,0,0,0,0,0,0,21,0,0,0
2016,2.0700000000000000e+02,116,2,1,7,0,93,2,1,7,0,4,0,8,0,0,0,0,0
2016,4.3100000000000000e+02,160,0,0,1,0,71,0,0,1,0,1,0,2,0,0,,2,1
2016,3.8700000000000000e+02,123,4,2,3,0,110,2,2,3,0,3,0,6,0,0,1,0,0
2016,1.7900000000000000e+02,75,0,0,0,0,75,0,0,0,0,1,0,0,0,0,0,0,0
2016,6.0600000000000000e+02,114,3,2,3,0,105,3,2,3,0,4,1,16,0,0,0,0,0
2016,9.2500000000000000e+02,865,28,8,24,1,810,28,8,19,1,15,0,58,49,0,35,0,0
2016,5.4100000000000000e+02,107,6,2,4,0,89,6,2,4,0,3,0,1,0,0,0,0,0
2016,7.9700000000000000e+02,102,2,2,5,0,102,2,2,5,0,4,0,4,0,0,0,9,0
2016,6.2700000000000000e+02,250,6,2,7,0,231,5,2,6,0,3,3,16,0,0,0,6,0
2016,1.7300000000000000e+02,330,0,0,0,0,330,0,0,0,0,0,0,0,4,0,0,0,0
2016,6.3600000000000000e+02,520,20,3,17,2,467,20,3,17,2,11,0,22,0,18,0,17,3
2016,2.0500000000000000e+02,33,0,0,3,0,33,0,0,3,0,1,0,0,0,0,0,0,0
2016,8.1400000000000000e+02,20,0,0,1,0,20,0,0,1,0,1,0,0,0,0,0,0,0
2016,8.8100000000000000e+02,34,2,1,3,1,34,2,1,3,1,1,0,0,0,0,0,0,0
2016,7.7100000000000000e+02,716,46,2,25,2,652,46,2,25,2,10,3,85,0,0,41,0,0
2016,5.3300000000000000e+02,48,5,1,1,1,33,3,1,1,1,1,0,1,0,0,4,0,1
2016,4.4700000000000000e+02,380,3,1,7,0,54,1,1,7,0,2,0,8,0,0,0,0,1
2016,8.1500000000000000e+02,14,0,1,3,0,14,0,0,3,0,1,0,0,0,0,0,0,0
2016,8.0100000000000000e+02,486,23,2,8,1,439,23,2,8,1,8,3,25,0,0,8,4,2
2016,8.0000000000000000e+02,126,0,0,5,0,106,0,0,5,0,2,0,0,0,0,0,0,1
2016,3.8900000000000000e+02,290,3,2,4,0,290,3,2,4,0,2,0,0,0,0,0,8,0
2016,6.9500000000000000e+02,411,10,3,7,1,381,10,3,7,1,7,2,36,0,0,4,12,3
2016,8.1600000000000000e+02,126,2,1,4,0,89,1,1,4,0,1,0,7,0,0,0,10,2
2016,8.3300000000000000e+02,110,2,1,5,0,110,2,1,5,0,3,0,5,0,0,9,10,1
2016,8.7000000000000000e+02,94,2,2,6,1,60,1,2,6,1,2,0,1,0,0,0,0,0
2016,9.2700000000000000e+02,51,1,1,2,0,45,0,1,2,0,1,0,1,0,0,0,0,1
2016,9.6100000000000000e+02,445,11,3,12,0,433,11,3,12,0,9,4,40,0,0,0,22,0
2016,9.6200000000000000e+02,40,0,0,3,1,30,0,0,3,1,1,0,0,0,0,2,0,3
2016,1.0790000000000000e+03,40,2,1,2,1,12,2,1,2,1,1,0,0,0,0,0,0,0
2016,1.1010000000000000e+03,69,3,1,3,0,69,3,1,3,0,1,0,2,0,0,5,3,1
2016,6.6600000000000000e+02,574,25,2,16,1,558,25,2,16,1,5,5,12,0,0,0,30,0
2016,3.9200000000000000e+02,130,0,0,0,0,122,0,0,0,0,2,0,0,0,0,0,0,0
2016,7.9000000000000000e+02,256,0,0,7,0,251,0,0,6,0,4,0,36,80,0,6,0,0
2016,6.5000000000000000e+02,152,2,2,5,0,152,2,2,5,0,3,0,14,0,0,0,8,0
2016,8.7600000000000000e+02,258,9,2,10,0,244,9,2,10,0,5,0,17,0,0,0,9,0
2016,9.4400000000000000e+02,28,0,0,4,0,15,0,0,4,0,2,0,0,0,0,0,0,0
2016,9.5200000000000000e+02,116,12,2,10,0,104,12,2,10,0,3,0,5,0,0,0,0,1
2016,5.4000000000000000e+01,87,0,0,0,0,87,0,0,0,0,0,0,0,30,0,0,0,0
2016,3.6700000000000000e+02,55,0,0,4,0,14,0,0,3,0,1,0,1,0,0,0,6,0
2016,5.3800000000000000e+02,343,8,2,10,0,267,7,2,8,0,5,1,22,12,0,0,19,3
2016,5.5700000000000000e+02,118,3,2,5,0,81,3,2,2,0,3,0,13,0,0,0,6,0
2016,6.5300000000000000e+02,139,5,2,5,0,136,2,2,4,0,5,2,14,0,0,6,0,0
2016,6.4700000000000000e+02,103,2,2,6,0,97,2,2,6,0,8,0,2,0,0,0,6,0
2016,9.7800000000000000e+02,564,23,2,13,1,535,22,2,13,1,14,1,18,20,0,0,23,0
2016,9.9600000000000000e+02,155,3,1,4,0,72,3,1,4,0,3,0,9,0,0,12,12,0
2016,7.2900000000000000e+02,1177,40,8,35,4,1099,40,8,35,4,19,1,73,80,0,32,0,5
2016,1.8200000000000000e+02,135,5,1,7,1,135,5,1,7,1,3,0,0,0,0,0,9,1
2016,6.3300000000000000e+02,169,2,2,8,1,147,2,2,8,1,2,0,0,0,0,0,24,0
2016,6.8500000000000000e+02,240,9,3,6,0,230,9,3,6,0,3,0,12,20,0,12,0,0
2016,6.8300000000000000e+02,148,6,3,5,0,144,6,3,5,0,3,0,4,0,0,4,0,0
2016,9.4500000000000000e+02,77,4,2,4,0,35,3,2,4,0,1,0,0,0,0,0,8,0
2016,9.5300000000000000e+02,4,0,0,4,0,2,0,0,2,0,0,0,0,0,0,0,0,0
2016,1.0220000000000000e+03,24,0,0,2,0,20,0,0,2,0,2,0,0,0,0,0,0,0
2016,1.0490000000000000e+03,32,0,0,2,0,4,0,0,1,0,1,0,0,0,0,0,0,0
2016,7.9400000000000000e+02,1333,28,3,30,3,1285,28,3,30,3,10,6,87,25,0,7,0,0
2016,4.1500000000000000e+02,56,0,0,4,0,56,0,0,4,0,1,0,24,0,0,0,0,0
2016,5.9200000000000000e+02,108,0,1,6,0,96,0,1,6,0,2,0,0,0,0,0,0,0
2016,4.9700000000000000e+02,120,0,0,5,1,120,0,0,5,1,2,0,0,0,0,0,0,0
2016,4.5800000000000000e+02,144,9,2,9,1,144,9,2,9,1,4,0,0,0,0,0,0,0
2016,7.2600000000000000e+02,439,16,2,12,0,399,16,2,12,0,9,1,28,15,0,0,8,4
2016,2.7200000000000000e+02,185,0,0,4,0,150,0,0,4,0,3,0,0,0,0,0,0,0
2016,8.0500000000000000e+02,1395,34,3,31,3,1268,34,3,31,3,16,1,35,50,8,0,0,5
2016,5.0000000000000000e+00,70,0,0,8,0,35,0,0,7,0,1,0,5,0,0,10,0,0
2016,2.3400000000000000e+02,91,6,1,6,0,91,6,1,6,0,1,0,5,0,0,0,0,0
2016,6.4000000000000000e+01,98,0,0,0,0,98,0,0,0,0,0,0,0,0,0,0,0,0
2016,8.4200000000000000e+02,81,0,1,4,0,80,0,1,4,0,3,0,0,0,0,9,0,0
2016,8.4300000000000000e+02,78,2,1,3,0,78,2,1,3,0,4,0,4,0,0,3,4,0
2016,8.0300000000000000e+02,395,7,2,11,0,377,7,2,9,0,6,2,23,10,0,14,0,0
2016,2.1100000000000000e+02,60,0,0,3,0,60,0,0,3,0,3,0,0,0,0,3,3,3
2016,7.7300000000000000e+02,368,28,3,11,1,313,28,3,11,1,3,0,21,0,0,0,0,1
2016,4.2400000000000000e+02,45,2,1,3,0,45,2,1,3,0,1,0,6,0,0,6,4,1
2016,2.9800000000000000e+02,114,4,1,7,1,114,4,1,7,1,6,0,2,0,0,10,0,0
2016,5.9400000000000000e+02,28,1,0,3,0,19,0,0,3,0,1,0,0,0,0,14,14,2
2016,2.3700000000000000e+02,101,0,0,3,0,101,0,0,3,0,2,0,0,0,25,0,0,0
2016,1.6000000000000000e+01,23,0,0,0,0,23,0,0,0,0,0,0,0,0,0,0,0,0
2016,7.6800000000000000e+02,80,1,1,2,0,72,1,1,2,0,2,0,6,0,25,5,0,0
2016,6.1700000000000000e+02,152,3,5,6,0,146,3,5,5,0,3,0,10,0,0,0,15,0
2016,2.9700000000000000e+02,42,1,1,3,0,42,1,1,3,0,1,0,0,0,0,0,0,0
2016,1.0500000000000000e+02,63,0,0,0,0,63,0,0,0,0,0,0,0,0,10,0,0,0
2016,5.4400000000000000e+02,136,1,3,3,0,136,1,3,3,0,3,0,0,0,17,20,0,0
2016,8.0400000000000000e+02,142,2,4,5,0,117,2,4,5,0,3,0,11,0,0,15,0,0
2016,1.0400000000000000e+02,114,0,0,0,0,114,0,0,0,0,0,0,0,50,0,0,0,0
2016,2.0000000000000000e+01,36,0,0,0,0,36,0,0,0,0,0,0,0,0,0,0,0,0
2016,5.5000000000000000e+02,80,0,0,4,0,80,0,0,4,0,6,0,9,0,0,0,14,0
2016,1.1200000000000000e+02,24,0,0,0,0,24,0,0,0,0,0,0,0,0,25,0,0,0
2016,8.1800000000000000e+02,105,0,0,0,0,105,0,0,0,0,0,0,0,0,19,0,0,0
2016,8.8200000000000000e+02,128,0,0,0,0,128,0,0,0,0,0,0,0,0,30,0,0,0
2016,9.1400000000000000e+02,126,0,0,0,0,126,0,0,0,0,0,0,0,0,40,0,0,0
2016,9.2800000000000000e+02,36,0,0,0,0,36,0,0,0,0,0,0,25,0,0,0,0,0
2016,9.6400000000000000e+02,264,4,3,5,0,220,4,3,5,0,3,0,26,0,0,6,0,0
2016,1.0260000000000000e+03,100,0,0,0,0,100,0,0,0,0,0,0,0,0,20,0,0,0
2016,1.0680000000000000e+03,160,0,0,0,0,80,0,0,0,0,0,0,0,0,32,0,0,0
2016,1.1080000000000000e+03,64,2,2,4,0,40,2,2,4,0,3,0,5,0,0,5,0,0
2016,4.0400000000000000e+02,120,0,0,2,0,120,0,0,2,0,1,0,0,0,0,0,7,2
2016,2.7000000000000000e+02,91,1,2,8,1,91,1,2,8,1,2,0,7,0,0,0,0,0
2016,6.7600000000000000e+02,147,7,2,5,0,119,7,2,5,0,7,0,11,0,0,0,15,1
2016,7.0900000000000000e+02,191,3,4,7,0,178,3,4,7,0,4,0,17,20,0,11,16,1
2016,7.5400000000000000e+02,1486,37,10,71,3,1372,37,10,71,3,23,0,204,85,0,55,60,25
2016,9.9700000000000000e+02,46,2,2,2,0,22,2,2,2,0,2,0,2,0,0,8,0,0
2016,1.0690000000000000e+03,22,0,0,1,0,18,0,0,1,0,1,0,2,0,0,7,0,0
2016,1.1180000000000000e+03,73,2,2,9,1,73,1,1,7,1,6,0,6,10,0,5,23,0
2016,7.3400000000000000e+02,432,8,1,12,2,357,8,1,12,2,6,2,34,37,12,0,26,0
2016,2.9900000000000000e+02,57,0,0,2,0,57,0,0,2,0,1,0,0,0,0,0,3,2
2016,6.4500000000000000e+02,40,0,0,1,0,40,0,0,1,0,1,0,1,0,0,1,1,1
2016,1.7000000000000000e+01,165,0,0,0,0,165,0,0,0,0,0,0,0,0,0,0,0,0
2016,1.0460000000000000e+03,147,0,0,0,0,83,0,0,0,0,0,0,0,0,0,0,0,0
2016,4.2000000000000000e+02,29,0,0,3,0,29,0,0,3,0,4,0,0,0,0,0,0,0
2016,8.0200000000000000e+02,102,0,0,0,0,102,0,0,0,0,1,0,0,0,0,0,0,0
2016,2.6600000000000000e+02,149,2,1,10,2,149,2,1,10,2,2,1,18,0,0,0,18,0
2016,1.3700000000000000e+02,38,0,0,4,0,38,0,0,4,0,2,0,0,0,0,0,0,4
2016,7.6900000000000000e+02,75,0,0,4,0,39,0,0,3,0,2,0,16,0,0,0,0,0
2016,7.7600000000000000e+02,96,1,0,4,0,96,1,0,4,0,3,2,7,0,0,8,4,1
2016,6.4000000000000000e+02,105,1,3,6,0,75,1,3,5,0,3,0,4,0,0,8,0,0
2016,3.1500000000000000e+02,460,0,0,0,0,449,0,0,0,0,0,0,0,20,20,0,0,0
2016,4.0000000000000000e+01,299,0,0,0,0,282,0,0,0,0,0,0,0,0,0,0,0,0
2016,5.0800000000000000e+02,88,0,0,5,0,63,0,0,5,0,2,3,1,0,0,0,3,2
2016,4.6000000000000000e+01,80,0,0,0,0,80,0,0,0,0,0,0,0,0,0,0,0,0
2016,5.9000000000000000e+02,126,1,4,5,0,117,1,4,5,0,4,2,10,0,0,0,0,0
2016,7.7700000000000000e+02,119,2,2,5,0,104,2,2,5,0,4,1,10,0,0,10,0,0
2016,8.9700000000000000e+02,1115,25,6,34,1,1058,25,6,34,1,11,9,49,0,0,57,12,3
2016,9.6500000000000000e+02,88,0,0,0,0,81,0,0,0,0,0,0,0,0,0,0,0,0
2016,4.6100000000000000e+02,202,1,1,5,0,40,0,1,5,0,1,0,2,0,0,0,0,0
2016,3.7600000000000000e+02,20,1,1,2,0,20,1,1,2,0,2,0,0,0,0,0,0,0
2016,6.2100000000000000e+02,117,2,2,4,0,110,2,2,4,0,3,0,11,0,0,12,0,0
2016,7.9300000000000000e+02,913,18,5,24,2,807,18,5,24,2,12,5,49,16,0,23,30,7
2016,1.1020000000000000e+03,36,2,2,4,1,27,1,1,3,1,1,0,0,0,0,0,0,0
2016,7.1200000000000000e+02,297,3,2,8,0,246,3,2,6,0,5,0,18,0,0,7,0,0
2016,3.2000000000000000e+01,110,0,0,0,0,107,0,0,0,0,0,0,0,0,0,0,0,0
2016,3.6100000000000000e+02,70,0,0,0,0,70,0,0,0,0,1,0,0,0,12,0,0,0
2016,4.8600000000000000e+02,40,1,1,3,0,30,0,1,3,0,1,0,0,0,0,0,0,0
2016,5.9500000000000000e+02,161,4,2,5,0,152,4,2,5,0,3,1,12,0,0,8,0,0
2016,4.3300000000000000e+02,50,2,2,2,0,44,2,2,2,0,2,0,0,0,0,0,0,0
2016,1.0580000000000000e+03,32,0,0,2,0,20,0,0,2,0,1,0,0,0,0,0,0,0
2016,2.6100000000000000e+02,39,0,1,3,0,39,0,1,3,0,1,0,0,0,0,0,0,0
2016,7.3000000000000000e+02,204,10,2,7,0,178,8,2,4,0,6,0,12,20,0,0,22,0
2016,5.7700000000000000e+02,233,6,2,7,0,227,6,2,7,0,5,0,6,0,0,0,22,0
2016,7.8800000000000000e+02,770,27,4,25,2,728,26,4,24,2,24,0,170,0,0,1,1,5
2016,8.6500000000000000e+02,100,3,3,4,0,48,2,1,1,0,2,0,0,0,0,0,0,1
2016,9.7900000000000000e+02,24,0,0,2,0,19,0,0,1,0,1,0,0,0,0,0,0,0
2016,9.9800000000000000e+02,18,0,0,1,0,5,0,0,1,0,1,0,0,0,0,0,0,0
2016,1.0720000000000000e+03,28,0,0,2,0,3,0,0,1,0,1,0,0,0,0,0,8,2
2016,2.2100000000000000e+02,120,0,1,3,0,90,0,1,3,0,3,0,0,0,0,0,0,0
2016,5.0600000000000000e+02,75,3,2,5,0,75,3,2,5,0,2,0,0,0,0,0,0,3
2016,7.2700000000000000e+02,408,9,3,9,0,366,9,3,8,0,9,0,22,0,0,0,0,0
2016,3.5500000000000000e+02,74,0,0,2,0,74,0,0,2,0,3,0,0,0,0,0,0,0
2016,4.8700000000000000e+02,297,0,0,6,0,285,0,0,6,0,2,0,0,0,0,0,0,0
2016,9.3800000000000000e+02,1056,20,2,21,2,891,20,2,21,2,8,13,20,10,0,0,0,2
2016,8.8600000000000000e+02,110,0,0,3,0,100,0,0,2,0,1,0,0,0,0,0,6,1
2016,8.3500000000000000e+02,46,1,1,2,0,46,1,1,2,0,4,0,0,0,0,0,0,0
2016,9.9900000000000000e+02,20,0,0,0,0,13,0,0,0,0,1,0,0,0,0,0,0,0
2016,7.9800000000000000e+02,449,16,4,14,1,368,16,4,14,1,8,0,80,0,0,10,10,2
2016,5.0400000000000000e+02,206,0,0,5,0,206,0,0,5,0,5,0,15,20,20,0,8,0
2016,2.4700000000000000e+02,43,1,1,3,0,43,1,1,3,0,4,3,6,0,0,0,5,0
2016,2.1600000000000000e+02,55,2,1,3,0,51,2,1,3,0,2,0,2,0,0,3,3,1
2016,6.5400000000000000e+02,63,1,2,5,0,63,1,2,5,0,1,0,0,0,0,5,0,0
2016,6.5000000000000000e+01,75,0,0,0,0,75,0,0,0,0,0,0,0,20,0,0,0,0
2016,4.7200000000000000e+02,78,2,1,3,0,54,2,1,3,0,2,0,4,0,10,0,0,0
2016,4.2700000000000000e+02,36,0,0,0,0,36,0,0,0,0,1,0,0,0,10,0,0,0
2016,4.9100000000000000e+02,64,2,1,2,0,60,2,1,2,0,2,0,3,0,0,8,0,0
2016,5.5100000000000000e+02,30,1,1,1,0,30,1,1,1,0,1,0,15,0,0,15,0,0
2016,1.0600000000000000e+02,120,0,0,0,0,120,0,0,0,0,0,0,0,0,0,0,0,0
2016,8.1900000000000000e+02,137,0,0,0,0,126,0,0,0,0,0,0,0,0,0,0,0,0
2016,8.3600000000000000e+02,20,0,0,0,0,20,0,0,0,0,0,0,0,0,0,0,0,0
2016,9.1500000000000000e+02,126,0,0,0,0,116,0,0,0,0,0,0,0,0,25,0,0,0
2016,9.4200000000000000e+02,60,0,0,0,0,60,0,0,0,0,0,0,0,0,0,0,0,0
2016,7.4800000000000000e+02,590,12,3,22,1,558,12,3,16,1,11,4,26,36,0,0,34,7
2016,1.9800000000000000e+02,87,0,0,0,0,87,0,0,0,0,0,0,0,0,0,0,0,0
2016,8.7100000000000000e+02,80,1,3,4,0,75,1,3,4,0,3,0,10,0,0,11,0,0
2016,9.4800000000000000e+02,54,1,1,3,1,54,1,1,3,1,1,0,0,0,0,0,0,0
2016,5.4700000000000000e+02,292,4,5,9,0,230,4,5,8,0,5,0,19,0,0,1,2,1
2016,3.9700000000000000e+02,80,0,0,0,0,80,0,0,0,0,2,0,0,0,18,0,0,0
2016,5.5600000000000000e+02,131,6,4,5,0,131,6,4,5,0,4,0,18,0,0,0,0,0
2016,4.2000000000000000e+01,80,0,0,0,0,80,0,0,0,0,0,0,0,0,0,0,0,0
2016,3.1000000000000000e+01,241,0,0,0,0,241,0,0,0,0,1,0,0,0,35,0,0,0
2016,7.4000000000000000e+02,899,40,8,21,1,778,40,8,19,1,14,4,38,45,0,32,0,0
2016,2.1700000000000000e+02,84,0,0,3,0,43,0,0,3,0,1,0,0,0,0,0,0,0
2016,8.6300000000000000e+02,60,2,1,3,0,20,2,1,2,0,1,0,0,0,0,0,0,0
2016,8.8900000000000000e+02,828,0,0,22,2,729,0,0,16,2,12,7,64,0,0,0,24,4
2016,9.8400000000000000e+02,147,0,0,5,0,127,0,0,5,0,3,0,0,0,0,0,0,0
2016,1.1060000000000000e+03,10,0,0,2,0,10,0,0,2,0,1,0,0,0,0,0,0,0
2016,3.4000000000000000e+01,70,0,0,0,0,70,0,0,0,0,0,0,0,0,0,0,0,0
2016,7.9100000000000000e+02,120,2,1,5,0,120,2,1,5,0,3,0,0,0,0,0,0,0
2016,1.8100000000000000e+02,33,0,0,0,0,33,0,0,0,0,1,0,1,0,0,0,0,0
2016,4.3000000000000000e+02,17,0,0,1,0,17,0,0,1,0,1,0,0,0,0,0,0,0
2016,7.1500000000000000e+02,573,3,2,12,1,386,3,2,12,1,10,0,22,0,0,0,0,0
2016,5.2100000000000000e+02,52,0,0,3,0,44,0,0,3,0,4,0,0,0,0,0,0,1
2016,5.2400000000000000e+02,194,2,1,9,1,194,2,1,9,1,2,0,5,0,0,0,6,2
2016,4.3200000000000000e+02,40,0,0,2,0,18,0,0,2,0,1,0,0,0,0,0,0,0
2016,1.9000000000000000e+01,24,3,1,2,0,24,3,1,2,0,0,0,0,0,0,0,0,0
2016,2.5000000000000000e+01,48,0,0,0,0,47,0,0,0,0,0,0,0,0,0,0,0,0
2016,2.6000000000000000e+01,84,0,0,0,0,67,0,0,0,0,0,0,0,0,0,0,0,0
2016,8.9000000000000000e+02,606,18,2,17,1,577,18,2,17,1,21,4,48,20,0,0,14,0
2016,9.0400000000000000e+02,123,1,1,3,0,111,1,1,3,0,3,0,2,0,0,0,0,0
2016,9.5700000000000000e+02,1273,30,12,36,2,1153,30,12,35,2,17,1,120,20,0,40,35,12
2016,9.3900000000000000e+02,933,18,3,26,2,802,18,3,26,2,18,1,19,27,0,0,37,6
2016,2.3600000000000000e+02,106,1,1,5,0,99,1,1,5,0,0,0,8,0,0,15,0,0
2016,7.3500000000000000e+02,1044,26,6,23,2,810,26,6,20,2,11,2,109,45,0,0,10,2
2016,1.4600000000000000e+02,244,0,0,0,0,244,0,0,0,0,1,0,0,0,0,0,0,0
2016,3.6300000000000000e+02,157,0,0,6,1,157,0,0,6,1,1,0,3,0,0,0,0,0
2016,1.8700000000000000e+02,191,0,0,5,1,191,0,0,5,1,2,0,6,0,0,0,1,1
2016,2.6500000000000000e+02,71,0,0,2,0,71,0,0,2,0,5,0,0,0,0,0,0,0
2016,7.0800000000000000e+02,215,8,2,6,0,193,8,2,6,0,4,0,31,0,0,20,0,0
2016,7.5500000000000000e+02,1291,59,4,54,3,1172,53,4,54,3,24,7,167,20,0,0,97,11
2016,7.5000000000000000e+02,862,16,3,25,2,765,16,3,25,2,10,4,44,20,0,0,26,8
2016,6.9600000000000000e+02,645,24,2,15,2,556,22,2,15,2,9,7,76,0,0,11,22,5
2016,4.2100000000000000e+02,136,0,0,4,0,82,0,0,3,0,3,0,0,0,0,0,0,0
2016,8.2700000000000000e+02,184,0,0,0,0,158,0,0,0,0,0,0,0,0,0,0,0,0
2016,9.3300000000000000e+02,200,0,0,10,0,176,0,0,9,0,8,0,7,0,0,0,32,2
2016,1.0300000000000000e+03,141,7,5,18,1,141,7,2,10,1,1,0,5,0,0,0,0,0
2016,1.0030000000000000e+03,16,0,0,2,0,16,0,0,2,0,1,0,4,0,0,6,6,2
2016,1.0500000000000000e+03,8,0,0,1,0,8,0,0,1,0,3,0,6,0,0,0,2,1
2016,1.0430000000000000e+03,112,8,5,8,1,104,8,5,8,1,1,0,0,0,0,0,6,0
2016,1.1280000000000000e+03,36,2,2,4,0,36,0,2,4,0,4,0,2,0,0,36,5,3
2016,9.3400000000000000e+02,325,5,4,8,0,298,5,4,6,0,7,0,20,0,0,0,16,0
2016,6.2900000000000000e+02,332,15,2,12,1,296,15,2,12,1,8,0,15,7,0,7,27,3
2016,2.1000000000000000e+01,156,0,0,0,0,149,0,0,0,0,0,0,0,0,45,0,0,0
2016,6.1500000000000000e+02,180,2,6,8,0,180,2,6,8,0,0,0,12,0,0,0,0,0
2016,6.2600000000000000e+02,51,1,1,5,0,51,1,1,5,0,3,0,0,0,0,0,0,0
2016,4.1700000000000000e+02,18,0,0,2,0,15,0,0,2,0,2,0,5,0,0,0,0,0
2016,5.9700000000000000e+02,116,2,1,3,0,86,2,1,3,0,3,0,6,0,30,0,6,0
2016,5.3900000000000000e+02,333,9,7,10,1,325,9,7,8,1,20,0,68,0,20,22,0,0
2016,3.4300000000000000e+02,66,1,1,5,0,66,1,1,5,0,1,0,0,0,0,0,0,0
2016,1.3500000000000000e+02,350,0,0,0,0,316,0,0,0,0,0,0,0,0,0,0,0,0
2016,1.5800000000000000e+02,727,0,0,0,0,560,0,0,0,0,1,0,0,24,20,0,0,0
2016,7.7500000000000000e+02,237,6,6,7,0,149,6,6,7,0,4,0,14,0,0,0,4,0
2016,1.7700000000000000e+02,240,0,0,0,0,231,0,0,0,0,1,0,0,0,40,0,0,0
2016,5.7800000000000000e+02,38,2,1,3,0,38,2,1,3,0,2,0,0,0,0,0,0,0
2016,4.1600000000000000e+02,136,0,0,2,0,136,0,0,2,0,5,0,0,0,20,0,0,0
2016,5.6100000000000000e+02,103,2,1,4,0,103,2,1,4,0,4,0,21,0,10,0,6,1
2016,6.2000000000000000e+01,46,0,0,0,0,46,0,0,0,0,0,0,0,0,24,0,0,0
2016,8.2800000000000000e+02,85,0,0,0,0,85,0,0,0,0,0,0,0,0,25,0,0,0
2016,8.6000000000000000e+02,90,2,1,3,0,78,2,1,3,0,2,0,0,0,0,0,8,1
2016,9.3500000000000000e+02,60,0,0,0,0,60,0,0,0,0,0,0,0,0,20,0,0,0
2016,1.0510000000000000e+03,140,0,0,0,0,137,0,0,0,0,0,0,0,0,0,0,0,0
2016,1.0830000000000000e+03,26,0,0,0,0,26,0,0,0,0,0,0,0,0,0,0,0,0
2016,1.0960000000000000e+03,75,0,0,0,0,75,0,0,0,0,1,0,0,0,0,0,0,0
2016,6.7900000000000000e+02,844,19,1,18,1,771,18,1,18,1,22,0,46,15,12,0,0,0
2016,1.7600000000000000e+02,75,0,0,5,0,75,0,0,5,0,1,0,0,0,0,0,0,0
2016,5.3700000000000000e+02,69,0,0,6,0,60,0,0,5,0,2,0,6,0,0,3,1,2
2016,6.0800000000000000e+02,140,8,2,6,0,140,8,2,5,0,7,0,19,0,0,0,4,0
2016,5.9600000000000000e+02,140,5,1,5,0,132,3,1,4,0,5,0,10,0,0,0,0,0
2016,7.4900000000000000e+02,891,0,0,46,3,820,0,0,39,3,33,6,50,15,0,23,0,0
2016,7.5800000000000000e+02,1268,50,5,38,3,1181,41,5,38,3,12,8,60,40,0,45,30,6
2016,1.1040000000000000e+03,860,20,2,24,3,723,16,2,24,3,12,7,81,55,14,15,18,8
2016,4.3600000000000000e+02,98,0,0,0,0,86,0,0,0,0,2,4,2,0,0,0,0,0
2016,5.6700000000000000e+02,192,0,0,11,0,85,0,0,8,0,2,0,0,50,0,0,30,3
2016,6.7700000000000000e+02,564,0,0,14,1,408,0,0,11,1,6,2,64,10,0,18,0,0
2016,6.7000000000000000e+02,180,2,0,6,0,150,2,0,6,0,3,0,12,15,0,10,0,0
2016,5.8800000000000000e+02,154,0,0,9,0,130,0,0,7,0,2,0,15,0,18,8,0,0
2016,7.5300000000000000e+02,1525,66,9,44,4,1182,50,9,32,4,14,3,96,24,0,,55,9
2016,8.8700000000000000e+02,320,0,0,0,0,312,0,0,0,0,1,0,0,0,0,0,0,0
2016,2.4500000000000000e+02,178,5,2,10,1,178,5,2,10,1,4,0,0,0,0,0,0,0
2016,6.0300000000000000e+02,177,6,2,8,1,159,6,2,8,1,3,0,5,0,0,8,4,1
2016,4.2600000000000000e+02,80,0,0,3,0,80,0,0,3,0,4,0,0,0,0,0,0,0
2016,2.3200000000000000e+02,84,12,2,5,0,79,12,2,5,0,1,0,0,0,0,5,5,2
2016,2.8800000000000000e+02,161,0,0,7,0,161,0,0,7,0,5,0,9,0,0,0,9,2
2016,2.4600000000000000e+02,70,6,2,9,0,76,6,2,9,0,2,0,0,0,0,0,0,0
2016,2.8400000000000000e+02,138,12,1,10,1,138,8,1,10,1,4,0,0,0,0,0,0,0
2016,1.8000000000000000e+01,81,0,0,0,0,78,0,0,0,0,0,0,0,0,0,0,0,0
2016,3.5600000000000000e+02,96,0,0,0,0,96,0,0,0,0,0,0,0,60,0,0,0,0
2016,4.0100000000000000e+02,246,0,0,0,0,246,0,0,0,0,1,0,1,0,0,0,0,0
2016,7.3300000000000000e+02,659,15,5,18,1,562,10,5,18,1,5,4,26,4,0,7,0,3
2016,2.4300000000000000e+02,76,0,0,4,0,76,0,0,4,0,2,0,0,0,0,6,0,0
2016,3.8000000000000000e+02,250,0,0,0,0,222,0,0,0,0,1,0,0,0,0,0,0,0
2016,7.1600000000000000e+02,82,0,0,9,1,82,0,0,9,1,2,0,10,0,0,0,8,0
2016,5.3400000000000000e+02,100,0,0,7,1,100,0,0,7,1,4,0,7,0,0,0,0,0
2016,1.8500000000000000e+02,92,0,0,11,1,68,0,0,11,1,2,0,0,0,0,8,0,0
2016,2.5800000000000000e+02,175,0,0,10,1,149,0,0,10,1,3,0,9,1,0,4,4,3
2016,5.0500000000000000e+02,30,0,0,3,0,30,0,0,3,0,1,0,5,0,0,4,4,3
2016,2.6800000000000000e+02,140,0,0,10,1,100,0,0,10,1,2,0,8,0,0,10,0,0
2016,6.0200000000000000e+02,157,8,2,10,1,151,8,2,10,1,2,0,3,0,0,4,0,0
2016,2.5400000000000000e+02,172,7,9,10,1,172,7,9,10,1,2,0,16,0,0,5,0,0
2016,7.0500000000000000e+02,116,14,3,7,1,116,14,3,7,1,3,0,7,0,0,3,0,0
2016,1.3300000000000000e+02,60,10,2,3,0,48,8,2,3,0,1,0,0,0,0,0,0,0
2016,3.3000000000000000e+01,96,0,0,0,0,96,0,0,0,0,0,0,0,20,0,0,0,0
2016,1.4300000000000000e+02,67,0,0,0,0,67,0,0,0,0,0,0,0,3,0,0,0,0
2016,3.6000000000000000e+01,139,0,0,0,0,139,0,0,0,0,0,0,0,20,0,0,0,0
2016,7.5600000000000000e+02,474,4,4,16,2,379,3,4,16,2,4,0,20,0,0,0,0,0
2016,6.6200000000000000e+02,507,10,3,15,1,417,10,3,13,1,6,4,23,30,0,18,0,0
2016,1.9200000000000000e+02,192,0,0,0,0,192,0,0,0,0,1,0,0,0,0,0,0,0
2016,3.8200000000000000e+02,322,0,0,0,0,322,0,0,0,0,1,0,0,0,0,0,0,0
2016,3.2200000000000000e+02,339,0,0,0,0,339,0,0,0,0,1,0,0,0,0,0,0,0
2016,4.7800000000000000e+02,133,0,0,5,0,133,0,0,5,0,4,0,0,0,0,0,0,0
2016,3.5200000000000000e+02,144,0,0,0,0,129,0,0,0,0,1,0,0,0,0,0,0,0
2016,6.2800000000000000e+02,386,7,2,13,1,351,7,2,12,1,10,5,40,0,0,0,0,0
2016,2.9100000000000000e+02,178,0,0,0,0,191,0,0,0,0,0,0,0,141,0,0,0,0
2016,4.9500000000000000e+02,122,0,0,6,0,88,0,0,6,0,3,0,0,0,0,0,6,0
2016,8.4500000000000000e+02,332,16,2,12,0,287,10,2,10,0,10,4,12,30,0,0,0,0
2016,4.9800000000000000e+02,91,3,1,5,0,73,3,1,4,0,2,0,3,0,0,6,0,0
2016,3.1400000000000000e+02,202,0,0,0,0,175,0,0,0,0,1,0,0,0,0,0,0,0
2016,7.2000000000000000e+02,99,0,0,5,0,92,0,0,5,0,3,0,5,0,0,5,0,0
2016,7.2100000000000000e+02,510,14,2,18,1,403,14,2,15,1,13,3,25,30,15,13,0,0
2016,4.8500000000000000e+02,19,0,0,3,0,19,0,0,3,0,0,0,5,1,0,0,4,3
2016,2.7300000000000000e+02,235,3,1,14,1,200,2,1,14,1,2,0,13,0,0,14,8,0
2016,8.4600000000000000e+02,400,10,2,15,1,346,9,2,15,1,11,0,34,3,0,21,0,0
2016,8.4700000000000000e+02,85,0,0,9,0,80,0,0,9,0,3,0,0,0,0,0,23,3
2016,8.4800000000000000e+02,170,20,3,8,2,160,18,3,8,2,7,0,11,0,0,5,0,0
2016,9.1600000000000000e+02,99,0,0,4,0,82,0,0,3,0,2,0,16,0,0,6,0,0
2016,9.3000000000000000e+02,91,3,3,5,1,80,3,2,4,1,1,0,8,0,0,0,7,0
2016,9.5400000000000000e+02,406,14,3,11,0,306,14,3,10,0,5,2,20,0,0,12,0,0
2016,9.4300000000000000e+02,86,0,0,6,0,83,0,0,6,0,3,0,8,0,0,8,0,0
2016,9.4900000000000000e+02,1254,80,8,50,3,1153,78,8,45,3,23,8,118,68,8,48,0,0
2016,9.8000000000000000e+02,124,14,2,6,1,116,14,2,6,1,3,0,7,0,0,6,0,0
2016,9.8100000000000000e+02,53,0,0,5,0,48,0,0,5,0,1,0,1,0,0,12,8,2
2016,1.0240000000000000e+03,224,14,2,16,1,186,9,2,12,1,2,0,26,0,0,0,17,0
2016,1.0170000000000000e+03,43,0,0,0,0,43,0,0,0,0,0,0,10,0,0,0,0,0
2016,1.0000000000000000e+03,198,0,0,12,1,169,0,0,9,1,3,0,34,0,0,7,0,0
2016,1.0180000000000000e+03,152,4,4,8,1,131,2,4,8,1,2,0,17,1,1,0,0,0
2016,1.0010000000000000e+03,82,7,2,10,1,56,5,2,9,1,2,0,0,0,0,0,0,0
2016,1.0070000000000000e+03,271,12,7,12,0,256,10,7,10,0,10,0,18,30,0,0,20,4
2016,1.0080000000000000e+03,228,8,3,7,0,216,8,3,7,0,4,0,23,0,0,0,20,0
2016,1.0090000000000000e+03,269,10,8,13,0,243,10,5,12,0,8,0,50,16,0,21,9,0
2016,1.0100000000000000e+03,132,0,3,5,0,128,8,3,5,0,4,0,13,0,0,0,18,0
2016,1.0110000000000000e+03,98,4,2,5,0,89,4,2,4,0,3,0,9,0,0,18,0,0
2016,1.0120000000000000e+03,188,8,8,9,0,175,6,6,9,0,5,0,24,0,0,0,13,0
2016,1.0130000000000000e+03,613,24,12,21,2,521,24,12,18,2,10,0,62,25,0,42,0,0
2016,1.0410000000000000e+03,160,0,0,0,0,120,0,0,0,0,0,0,0,0,0,0,0,0
2016,1.0730000000000000e+03,250,10,8,10,1,168,7,8,10,1,3,0,20,15,0,12,26,10
2016,1.0870000000000000e+03,364,6,6,12,1,309,4,6,12,1,4,0,56,0,0,0,0,0
2016,1.1090000000000000e+03,181,5,4,9,1,162,4,4,7,1,3,0,30,0,0,0,4,0
2016,1.1100000000000000e+03,164,8,6,8,1,102,8,6,8,1,5,0,7,0,0,2,2,2
2016,1.1120000000000000e+03,20,0,0,3,0,10,0,0,3,0,1,0,4,0,0,0,0,0
2016,7.8900000000000000e+02,391,0,0,0,0,391,0,0,0,0,0,0,0,0,0,0,0,0
2016,3.2600000000000000e+02,154,0,0,0,0,154,0,0,0,0,0,0,0,3,0,0,0,0
2016,4.4200000000000000e+02,104,6,3,7,1,104,6,3,7,1,1,0,1,0,0,0,1,0
2016,2.9400000000000000e+02,128,2,1,5,1,128,2,1,5,1,1,0,9,0,0,1,0,0
2016,3.7800000000000000e+02,57,2,2,5,0,42,1,2,5,0,1,0,2,0,0,4,0,0
2016,4.0200000000000000e+02,99,0,0,7,1,68,0,0,7,1,3,0,0,0,0,0,0,0
2016,2.9000000000000000e+01,185,0,0,0,0,174,0,0,0,0,0,0,0,0,0,0,0,0
2016,4.5000000000000000e+02,32,0,0,4,0,3,0,0,4,0,1,0,0,0,0,5,0,0
2016,6.5600000000000000e+02,172,4,2,6,0,137,4,2,6,0,3,0,20,12,0,0,12,4
2016,3.3300000000000000e+02,72,2,1,5,1,72,2,1,5,1,1,0,6,0,0,0,0,0
2016,6.6800000000000000e+02,149,5,2,6,0,135,5,2,6,0,5,0,7,0,0,0,8,2
2016,6.8400000000000000e+02,193,4,2,7,0,189,4,2,7,0,6,0,14,4,0,7,0,0
2016,4.2200000000000000e+02,90,0,0,4,1,46,0,0,3,1,1,0,5,0,0,0,2,1
2016,7.6300000000000000e+02,991,66,13,33,2,1002,66,13,32,2,22,2,48,0,0,60,3,3
2016,7.4100000000000000e+02,593,8,5,20,2,517,8,5,20,2,19,15,83,8,0,69,0,0
2016,5.5300000000000000e+02,398,22,6,11,1,378,22,6,11,1,6,1,28,0,0,0,6,0
2016,3.5700000000000000e+02,202,2,1,5,0,80,0,0,5,0,2,0,0,0,0,,12,1
2016,8.9900000000000000e+02,70,0,0,0,0,70,0,0,0,0,0,0,0,0,0,0,0,0
2016,9.0000000000000000e+02,13,0,0,2,0,12,0,0,2,0,1,0,0,0,0,2,0,0
2016,9.3200000000000000e+02,18,0,0,3,0,18,0,0,3,0,1,0,3,0,0,0,0,0
2016,9.5000000000000000e+02,6,0,0,1,0,6,0,0,1,0,1,0,0,0,0,0,0,0
2016,9.6600000000000000e+02,46,2,1,2,1,25,1,1,2,1,2,0,0,0,0,0,0,1
2016,9.6700000000000000e+02,15,0,0,0,0,9,0,0,0,0,0,0,20,0,0,0,0,0
2016,9.8200000000000000e+02,131,1,0,6,1,116,0,0,5,1,4,0,11,0,0,4,11,2
2016,1.0140000000000000e+03,19,0,0,3,0,19,0,0,3,0,3,0,1,0,0,0,0,0
2016,1.0800000000000000e+03,105,8,2,7,1,105,8,2,7,1,2,0,8,0,0,0,6,1
2016,1.0740000000000000e+03,12,0,0,2,0,12,0,0,2,0,1,0,1,0,0,0,0,0
2016,1.0840000000000000e+03,8,0,0,3,0,7,0,0,2,0,1,0,2,0,0,0,2,3
2016,1.1130000000000000e+03,20,1,2,3,0,7,1,1,2,0,1,0,4,0,0,6,1,3
2016,7.2200000000000000e+02,901,78,12,29,3,901,74,12,26,3,10,3,69,0,0,14,11,2
2016,6.6000000000000000e+02,339,0,0,12,0,313,0,0,9,0,5,0,10,0,0,21,0,0
2016,7.5000000000000000e+01,96,0,0,0,0,96,0,0,0,0,0,0,0,40,0,0,0,0
2016,2.4900000000000000e+02,131,3,2,7,1,131,3,2,7,1,3,0,1,0,0,7,0,0
2016,2.7500000000000000e+02,94,0,0,0,0,94,0,0,0,0,0,0,0,0,0,0,0,0
2016,2.2700000000000000e+02,123,6,4,10,1,120,6,4,10,1,2,0,13,0,0,0,0,2
2016,1.5000000000000000e+02,76,0,0,4,0,76,0,0,4,0,2,0,0,0,0,4,0,0
2016,4.7000000000000000e+01,50,0,0,0,0,50,0,0,0,0,0,0,0,0,0,0,0,0
2016,1.7200000000000000e+02,142,0,0,6,0,142,0,0,6,0,1,0,6,0,0,6,0,1
2016,5.8100000000000000e+02,105,3,2,4,0,103,3,2,4,0,4,0,1,0,0,1,0,0
2016,1.2000000000000000e+02,39,0,0,1,0,39,0,0,1,0,1,0,0,0,0,0,1,1
2016,4.4500000000000000e+02,162,0,0,2,0,140,0,0,2,0,0,0,0,0,0,0,0,0
2016,4.7100000000000000e+02,309,0,0,7,0,281,0,0,7,0,2,0,0,0,0,0,0,0
2016,5.3000000000000000e+01,80,0,0,0,0,80,0,0,0,0,0,0,0,0,0,0,0,0
2016,1.9900000000000000e+02,175,0,0,3,0,175,0,0,3,0,1,0,0,0,0,4,0,0
2016,5.7500000000000000e+02,183,6,7,10,0,183,6,7,10,0,4,0,9,0,0,9,0,0
2016,5.2800000000000000e+02,96,6,3,5,0,96,6,3,4,0,3,1,2,0,0,5,0,0
2016,6.3100000000000000e+02,287,7,2,5,0,250,7,2,3,0,4,2,12,0,0,6,0,1
2016,6.9900000000000000e+02,394,0,0,10,0,369,0,0,10,0,9,2,36,0,0,37,0,0
2016,8.2300000000000000e+02,30,0,0,3,0,30,0,0,3,0,2,0,0,0,0,3,0,0
2016,8.4900000000000000e+02,142,0,0,5,0,85,0,0,5,0,3,0,0,0,0,6,0,0
2016,8.6900000000000000e+02,100,0,0,4,0,90,0,0,4,0,3,0,0,0,0,0,0,0
2016,9.5500000000000000e+02,50,0,0,0,0,50,0,0,0,0,0,0,0,0,0,0,0,0
2016,9.8300000000000000e+02,222,0,0,0,0,222,0,0,0,0,0,0,0,0,0,0,0,0
2016,1.0020000000000000e+03,60,0,0,0,0,60,0,0,0,0,0,0,0,0,0,0,0,0
2016,1.0150000000000000e+03,646,14,8,25,2,576,14,8,25,2,22,0,69,0,0,43,0,0
2016,5.1000000000000000e+01,28,0,0,0,0,28,0,0,0,0,0,0,0,32,0,0,0,0
2016,4.4100000000000000e+02,190,0,0,7,0,190,0,0,7,0,3,0,0,0,0,0,0,0
2016,3.2700000000000000e+02,226,0,0,0,0,224,0,0,0,0,0,0,0,40,20,0,0,0
2016,6.9000000000000000e+02,241,4,2,17,1,220,4,2,15,1,3,0,24,0,0,2,0,0
2016,2.6200000000000000e+02,72,2,2,7,0,72,2,2,7,0,2,0,4,0,0,0,6,0
2016,4.0300000000000000e+02,5,0,0,2,0,5,0,0,2,0,1,0,0,0,0,0,0,0
2016,3.1200000000000000e+02,148,0,0,0,0,148,0,0,0,0,0,0,0,15,0,0,0,0
2016,5.8900000000000000e+02,91,2,1,4,0,86,2,1,4,0,6,0,6,0,0,6,0,0
2016,6.6500000000000000e+02,190,3,2,5,0,172,3,2,5,0,4,0,1,0,0,0,0,0
2016,3.3400000000000000e+02,21,0,0,0,0,21,0,0,0,0,0,0,1,1,1,0,0,0
2016,1.0750000000000000e+03,1097,28,3,33,1,959,28,3,33,1,21,0,76,139,0,0,23,0
2016,7.5100000000000000e+02,855,13,2,22,1,835,13,2,20,1,10,3,78,20,0,0,23,4
2016,1.8600000000000000e+02,43,1,0,3,1,43,1,0,3,1,3,0,0,0,0,0,0,0
2016,6.4600000000000000e+02,100,2,1,2,0,100,2,1,2,0,3,0,10,0,0,2,1,2
2016,5.3600000000000000e+02,79,1,1,3,0,79,1,1,3,0,5,0,8,0,0,3,1,1
2016,2.4200000000000000e+02,49,2,1,2,0,49,1,1,2,0,2,0,0,0,0,0,0,0
2016,4.9000000000000000e+02,194,0,0,4,0,173,0,0,3,0,1,0,3,0,15,14,0,0
2016,5.0000000000000000e+02,105,3,2,6,1,105,2,2,6,1,4,0,8,0,0,7,0,0
2016,2.0600000000000000e+02,48,0,0,3,0,48,0,0,3,0,1,0,0,0,0,0,0,0
2016,5.8000000000000000e+01,36,0,0,0,0,27,0,0,0,0,0,0,0,5,0,0,0,0
2016,5.7200000000000000e+02,436,12,4,11,0,368,12,4,9,0,10,0,17,50,0,12,0,0
2016,1.8000000000000000e+02,92,0,0,2,0,82,0,0,2,0,1,0,0,0,0,0,0,0
2016,5.4900000000000000e+02,103,3,2,3,0,103,3,2,3,0,6,0,6,0,0,0,0,0
2016,5.8200000000000000e+02,105,3,1,3,0,101,3,1,3,0,3,0,4,0,0,2,0,0
2016,7.4300000000000000e+02,457,15,2,14,1,433,15,2,13,1,7,3,41,0,0,20,0,0
2016,7.9500000000000000e+02,120,0,0,5,0,110,0,0,5,0,1,0,0,0,0,7,8,0
2016,2.6900000000000000e+02,24,0,0,3,0,24,0,0,3,0,1,0,0,0,0,0,0,0
2016,6.3400000000000000e+02,261,0,0,6,0,195,0,0,6,0,3,0,6,0,0,0,0,0
2016,1.0000000000000000e+00,66,2,1,4,0,45,2,1,4,0,1,0,2,0,0,0,0,0
2016,7.1700000000000000e+02,214,8,2,5,0,201,8,2,4,0,4,0,7,15,0,8,0,0
2016,3.7300000000000000e+02,140,0,0,0,0,138,0,0,0,0,1,0,0,0,0,0,0,0
2016,5.3500000000000000e+02,176,3,3,7,0,146,3,3,5,0,7,0,9,20,0,0,14,0
2016,8.2400000000000000e+02,989,32,6,33,2,953,32,6,27,2,43,8,113,12,0,46,1,1
2016,8.8800000000000000e+02,90,2,1,3,0,90,2,1,3,0,2,0,0,0,0,0,0,0
2016,9.0200000000000000e+02,19,0,0,0,0,19,0,0,0,0,1,0,0,0,0,0,0,0
2016,9.6800000000000000e+02,42,0,0,0,0,42,0,0,0,0,0,0,0,0,0,0,0,0
2016,3.4600000000000000e+02,206,0,0,0,0,206,0,0,0,0,0,0,0,0,0,0,0,0
2016,2.7000000000000000e+01,97,0,0,0,0,97,0,0,0,0,0,0,0,0,0,0,0,0
2016,1.6500000000000000e+02,44,1,1,2,0,44,1,1,2,0,1,0,2,0,0,1,2,2
2016,9.5600000000000000e+02,495,12,2,12,0,463,12,2,9,0,10,0,16,12,0,0,19,0
2016,4.1300000000000000e+02,53,0,0,0,0,53,0,0,0,0,0,0,0,0,0,0,0,0
2016,1.4900000000000000e+02,69,0,0,3,0,66,0,0,3,0,1,0,0,0,0,16,,0
2016,6.1200000000000000e+02,154,7,3,7,1,154,7,3,7,1,9,0,6,0,0,0,0,0
2016,5.5900000000000000e+02,116,0,0,4,0,79,0,0,3,0,1,0,0,0,0,1,0,0
2016,7.0000000000000000e+00,134,0,0,5,0,125,0,0,5,0,1,0,0,0,0,0,0,0
2016,2.8300000000000000e+02,162,0,0,8,1,162,0,0,8,1,6,0,6,0,0,0,0,0
2016,3.7000000000000000e+01,71,0,0,0,0,64,0,0,0,0,0,0,0,0,0,0,0,0
2016,1.5300000000000000e+02,195,0,0,8,1,161,0,0,8,1,8,0,0,0,0,0,0,0
2016,2.9500000000000000e+02,88,0,0,5,0,46,0,0,5,0,2,0,6,0,0,0,0,0
2016,4.9600000000000000e+02,256,4,2,5,1,164,2,2,4,1,3,0,0,0,0,0,0,0
2016,7.7000000000000000e+01,99,0,0,0,0,99,0,0,0,0,0,0,0,0,0,0,0,0
2016,3.9100000000000000e+02,31,0,0,2,0,31,0,0,2,0,1,0,0,0,0,0,0,0
2016,2.4000000000000000e+02,195,2,1,4,0,195,2,1,4,0,2,0,0,0,0,0,0,0
2016,4.4800000000000000e+02,40,2,1,2,0,40,2,1,2,0,1,0,3,0,0,2,0,0
2016,1.5100000000000000e+02,144,0,0,0,0,144,0,0,0,0,1,0,0,0,0,0,0,0
2016,4.2500000000000000e+02,32,3,1,2,0,28,3,1,2,0,1,0,0,0,0,0,0,0
2016,3.0000000000000000e+02,67,0,0,2,0,67,0,0,2,0,2,0,0,0,0,0,0,0
2016,3.3900000000000000e+02,104,1,1,5,1,48,1,1,5,1,3,0,0,0,0,0,0,0
2016,8.7400000000000000e+02,198,3,2,5,0,198,3,2,5,0,6,1,3,0,0,0,0,0
2016,9.0500000000000000e+02,832,18,4,21,3,784,18,4,19,3,7,6,45,0,0,0,25,7
2016,7.3600000000000000e+02,910,24,10,32,2,908,23,7,32,2,14,0,39,72,0,49,0,0
2016,4.5900000000000000e+02,30,0,0,2,0,30,0,0,2,0,1,0,0,0,0,0,0,0
2016,3.2000000000000000e+02,125,0,0,4,0,116,0,0,4,0,1,0,0,0,1,0,6,4
2016,4.5000000000000000e+01,403,0,0,0,0,403,0,0,0,0,0,0,0,140,57,0,0,0
2016,6.1800000000000000e+02,132,2,1,5,0,115,2,1,5,0,5,1,12,0,0,20,0,0
2016,4.6300000000000000e+02,301,0,2,10,0,250,0,0,7,0,6,3,39,15,0,22,0,0
2016,8.9100000000000000e+02,105,2,3,7,0,92,2,3,7,0,3,0,0,0,0,0,0,0
2016,9.5800000000000000e+02,375,10,2,10,0,314,10,2,9,0,10,0,30,0,10,18,0,0
2016,2.4400000000000000e+02,48,1,1,2,0,48,1,1,2,0,2,0,4,0,0,0,0,0
2016,2.8000000000000000e+01,56,0,0,0,0,52,0,0,0,0,0,0,0,0,0,0,0,0
2016,4.4400000000000000e+02,27,0,0,5,0,27,0,0,5,0,1,0,2,0,0,0,0,0
2016,4.7900000000000000e+02,63,0,0,2,0,63,0,0,0,0,1,0,0,0,0,0,36,2
2016,2.8500000000000000e+02,91,5,1,5,1,91,1,1,5,1,2,0,7,0,0,0,0,0
2016,2.5300000000000000e+02,140,12,5,10,1,140,8,5,10,1,6,0,0,0,0,2,18,3
2016,4.8100000000000000e+02,70,3,3,6,1,50,2,2,5,1,3,0,0,0,0,0,0,4
2016,5.4000000000000000e+02,121,5,3,8,1,120,5,3,8,1,5,0,0,0,0,0,0,0
2016,3.3200000000000000e+02,10,0,0,2,0,10,0,0,2,0,0,0,0,0,0,0,0,0
2016,4.1000000000000000e+01,60,0,0,0,0,54,0,0,0,0,0,0,0,0,0,0,0,0
2016,5.1000000000000000e+02,93,0,0,5,0,42,0,0,5,0,4,0,1,1,0,1,1,1
2016,3.0500000000000000e+02,12,0,0,2,0,12,0,0,0,0,1,0,2,0,0,0,0,0
2016,9.3600000000000000e+02,35,0,0,0,0,35,0,0,0,0,0,0,0,0,0,0,0,0
2016,9.8600000000000000e+02,45,0,0,0,0,45,0,0,0,0,0,0,0,40,0,0,0,0
2016,9.8700000000000000e+02,120,1,1,4,0,120,1,1,4,0,6,0,8,0,0,0,0,0
2016,1.0210000000000000e+03,30,0,0,0,0,30,0,0,0,0,0,0,0,0,0,0,0,0
2016,1.0850000000000000e+03,70,0,0,0,0,70,0,0,0,0,0,0,0,0,0,0,0,0
2016,6.5800000000000000e+02,215,4,2,5,0,204,4,2,5,0,4,0,12,0,0,0,7,0
2016,3.5300000000000000e+02,50,0,0,0,0,38,0,0,0,0,1,0,0,0,15,0,0,0
2016,3.2300000000000000e+02,150,0,0,0,0,150,0,0,0,0,0,0,0,20,0,0,0,0
2016,6.2000000000000000e+02,125,4,2,3,0,125,4,2,3,0,3,0,10,0,0,0,0,0
2016,3.8400000000000000e+02,210,0,0,1,0,185,0,0,1,0,4,0,3,0,0,0,0,0
2016,5.5400000000000000e+02,310,12,2,10,0,252,9,2,10,0,9,0,16,15,0,0,0,0
2016,2.0900000000000000e+02,15,0,0,2,0,15,0,0,2,0,2,0,0,0,0,0,0,0
2016,7.0700000000000000e+02,953,39,3,29,2,859,39,3,23,2,7,7,37,20,12,0,0,0
2016,3.9500000000000000e+02,10,0,0,1,0,10,0,0,1,0,1,0,0,0,0,0,1,1
2016,9.6900000000000000e+02,118,0,0,4,0,48,0,0,4,0,2,0,5,0,0,0,0,0
2016,1.0520000000000000e+03,30,0,0,0,0,30,0,0,0,0,0,0,0,0,0,0,0,0
2016,7.3900000000000000e+02,1050,54,8,40,3,962,54,8,40,3,46,4,79,30,0,0,56,0
2016,6.1300000000000000e+02,517,6,2,19,1,463,6,2,19,1,6,4,26,0,0,0,16,4
2016,5.9300000000000000e+02,280,0,0,10,0,278,0,0,10,0,6,1,18,0,0,19,0,0
2016,7.0400000000000000e+02,582,22,3,16,2,546,22,3,16,2,9,4,41,0,0,24,0,0
2016,4.9300000000000000e+02,33,0,0,6,0,33,0,0,6,0,2,0,0,0,0,0,30,0
2016,6.8600000000000000e+02,501,8,1,27,2,468,6,1,25,2,5,0,50,0,0,30,23,6
2016,2.5700000000000000e+02,192,18,3,12,1,163,18,3,12,1,2,0,0,0,0,0,0,0
2016,4.9400000000000000e+02,46,0,0,5,0,46,0,0,3,0,1,0,0,0,0,0,0,0
2016,6.8100000000000000e+02,140,0,0,8,0,115,0,0,8,0,2,0,37,0,0,0,0,0
2016,2.8600000000000000e+02,98,10,2,11,1,90,4,2,10,1,3,0,0,0,0,0,0,0
2016,2.5500000000000000e+02,79,12,1,7,1,79,12,1,7,1,3,0,9,0,0,11,3,0
2016,7.9000000000000000e+01,40,0,0,0,0,35,0,0,0,0,0,0,0,0,0,0,0,0
2016,8.1000000000000000e+01,76,0,0,0,0,75,0,0,0,0,0,0,0,0,0,0,0,0
2016,6.8800000000000000e+02,315,6,2,8,0,287,6,2,8,0,5,0,18,0,0,12,16,0
2016,5.3100000000000000e+02,241,7,2,8,0,227,7,2,8,0,6,2,23,0,0,0,8,0
2016,5.1400000000000000e+02,56,0,1,3,0,38,0,1,3,0,3,0,2,0,0,0,14,0
2016,4.9900000000000000e+02,230,0,0,8,0,105,0,0,7,0,3,0,0,0,0,0,0,0
2016,5.3200000000000000e+02,252,4,2,11,0,242,4,2,11,0,7,1,17,0,0,15,0,0
2016,1.9000000000000000e+02,183,0,0,0,0,141,0,0,0,0,3,0,0,0,0,0,0,0
2016,5.9800000000000000e+02,113,3,1,3,0,83,3,1,3,0,5,0,8,0,0,0,6,0
2016,2.6000000000000000e+02,300,10,6,20,1,200,8,6,20,1,5,0,0,0,0,0,0,0
2016,8.3800000000000000e+02,11,0,0,1,0,11,0,0,1,0,1,0,0,0,0,0,0,0
2016,8.3900000000000000e+02,96,2,1,4,0,31,0,0,4,0,1,0,16,0,0,0,0,0
2016,8.5100000000000000e+02,7,0,0,2,0,7,0,0,2,0,0,0,0,0,0,2,0,0
2016,8.5200000000000000e+02,301,4,5,14,1,301,4,5,14,1,3,5,16,1,0,0,30,3
2016,9.8800000000000000e+02,125,0,0,0,0,125,0,0,0,0,1,0,12,20,0,0,0,0
2016,1.0560000000000000e+03,348,7,2,12,1,252,7,2,12,1,4,4,24,0,0,5,0,0
2016,1.0440000000000000e+03,57,0,0,0,0,23,0,0,0,0,0,0,0,0,0,0,0,0
2016,1.1140000000000000e+03,96,0,0,6,0,96,0,0,5,0,3,1,6,0,0,6,0,0
2016,6.4400000000000000e+02,646,17,6,19,0,590,17,6,19,0,9,2,26,45,0,23,0,2
2016,7.5200000000000000e+02,777,8,2,17,2,669,8,2,17,2,16,8,34,30,0,0,0,0
2016,2.3800000000000000e+02,75,0,0,10,0,75,0,0,10,0,3,0,5,0,0,18,0,10
2016,3.2500000000000000e+02,242,0,0,0,0,242,0,0,0,0,0,0,0,5,0,0,0,0
2016,6.2200000000000000e+02,119,3,2,4,0,102,3,2,3,0,2,0,2,0,0,0,0,0
2016,8.7900000000000000e+02,92,0,0,4,0,92,0,0,4,0,1,0,0,0,0,0,0,0
2016,9.0600000000000000e+02,95,5,1,4,1,95,5,1,4,1,1,0,7,0,0,0,0,0
2016,3.7000000000000000e+02,245,0,0,0,0,185,0,0,0,0,2,0,0,0,4,0,0,0
2016,4.1800000000000000e+02,44,0,0,3,0,44,0,0,3,0,2,0,0,0,0,0,0,0
2016,5.7400000000000000e+02,23,0,0,2,0,23,0,0,2,0,2,0,0,0,0,0,0,0
2016,3.9900000000000000e+02,70,0,0,5,0,70,0,0,5,0,1,0,2,0,0,2,2,1
2016,1.9500000000000000e+02,40,0,0,3,0,38,0,0,3,0,1,0,0,0,0,0,0,0
2016,7.8300000000000000e+02,683,15,5,18,1,663,15,5,17,1,10,20,49,4,0,36,10,2
2016,2.6300000000000000e+02,74,0,0,6,0,67,0,0,6,0,1,0,11,0,0,0,10,0
2016,1.9400000000000000e+02,48,0,0,3,0,30,0,0,2,0,1,0,0,0,0,0,0,0
2016,2.1400000000000000e+02,30,0,0,3,0,21,0,0,3,0,1,0,0,0,0,0,0,0
2016,7.8500000000000000e+02,912,24,8,33,2,865,24,8,28,2,11,14,105,12,0,21,0,0
2016,7.8000000000000000e+02,112,0,0,6,0,98,0,0,6,0,2,5,23,0,0,15,0,1
2016,7.8200000000000000e+02,394,0,0,17,1,364,0,0,17,1,8,5,32,10,0,38,0,0
2016,3.6900000000000000e+02,179,0,0,0,0,127,0,0,0,0,1,0,0,0,0,0,0,0
2016,7.1300000000000000e+02,100,0,0,5,0,94,0,0,5,0,4,0,0,0,0,0,11,0
2016,9.4100000000000000e+02,24,0,0,0,0,24,0,0,0,0,0,0,0,3,0,0,0,0
2016,1.0910000000000000e+03,368,0,0,0,0,371,0,0,0,0,0,0,0,441,0,0,0,0
2016,1.0450000000000000e+03,110,3,2,7,1,65,3,1,4,1,2,0,1,0,0,9,0,0
2016,1.0860000000000000e+03,171,4,2,12,1,120,2,2,10,1,3,0,11,0,0,18,0,0
2016,9.3700000000000000e+02,600,4,4,15,0,427,4,4,15,0,13,0,24,11,0,0,34,0
2016,1.0040000000000000e+03,44,3,1,3,0,44,3,1,3,0,0,0,1,0,0,0,0,0
2016,7.3700000000000000e+02,808,7,3,18,1,758,7,3,17,1,8,4,16,15,0,17,0,0
2016,7.6500000000000000e+02,1235,27,3,36,2,1148,27,3,36,2,24,4,68,0,0,0,0,5
2016,3.2900000000000000e+02,260,0,0,7,0,234,0,0,6,0,3,5,6,0,0,19,0,0
2016,8.7000000000000000e+01,172,0,0,0,0,170,0,0,0,0,0,0,0,0,0,0,0,0
2016,5.2700000000000000e+02,151,0,0,8,0,139,0,0,6,0,2,0,0,0,18,0,21,0
2016,5.6200000000000000e+02,112,0,0,7,1,107,0,0,7,1,3,0,0,0,0,0,0,0
2016,2.5100000000000000e+02,90,2,3,7,1,90,2,3,7,1,3,0,0,0,0,0,0,0
2016,1.2900000000000000e+02,275,0,0,0,0,275,0,0,0,0,0,0,0,0,0,0,0,0
2016,1.5400000000000000e+02,184,0,0,0,0,184,0,0,0,0,1,0,0,0,25,0,0,0
2016,5.1600000000000000e+02,113,4,1,8,1,113,4,1,8,1,2,0,7,0,0,0,0,0
2016,1.8400000000000000e+02,32,0,0,4,0,32,0,0,4,0,1,0,0,0,0,0,0,0
2016,6.5200000000000000e+02,200,0,0,5,0,116,0,0,5,0,3,0,6,0,0,0,6,1
2016,6.3700000000000000e+02,122,4,2,5,0,115,4,2,2,0,5,0,12,0,0,0,6,0
2016,8.8000000000000000e+01,43,0,0,0,0,43,0,0,0,0,0,0,0,0,0,0,0,0
2016,9.0700000000000000e+02,39,0,0,0,0,39,0,0,0,0,0,0,0,0,0,0,0,0
2016,9.7000000000000000e+02,50,0,0,0,0,50,0,0,0,0,0,0,0,50,0,0,0,0
2016,1.0190000000000000e+03,32,0,0,2,0,17,0,0,2,0,1,0,0,0,0,0,0,0
2016,1.0160000000000000e+03,68,2,2,5,1,68,2,2,5,1,1,0,0,0,0,0,0,0
2016,1.0470000000000000e+03,252,10,3,7,0,178,10,3,6,0,3,0,27,0,0,0,20,0
2016,6.3500000000000000e+02,168,12,2,4,0,161,12,2,4,0,5,0,4,2,0,0,0,0
