a√±o,NCODI,inver_iIntangible,inver_IMaterial,inver_IMterrenos,inver_IMresto,inver_Otras,inver_Total
2017,1.1300000000000000e+02,48668,1315,0,1315,0,49983
2017,6.1900000000000000e+02,53771,508601,54458,454143,0,562372
2017,1.6300000000000000e+02,3305,183967,0,183967,0,187272
2017,1.3100000000000000e+02,0,0,0,0,0,0
2017,3.7500000000000000e+02,14809,485,0,485,0,15294
2017,1.0900000000000000e+03,392730,8331123,0,8331123,0,8723853
2017,7.6400000000000000e+02,0,1089351,0,1089351,0,1089351
2017,1.4000000000000000e+01,13351,320956,119216,201740,0,334307
2017,6.5700000000000000e+02,0,381395,0,381395,0,381395
2017,3.6200000000000000e+02,50822,678432,29986,648446,0,729254
2017,9.8900000000000000e+02,0,174195,0,174195,0,174195
2017,9.9000000000000000e+02,0,137238,0,137238,0,137238
2017,6.8000000000000000e+02,0,4679238,0,4679238,0,4679238
2017,4.1100000000000000e+02,1893,1892235,49246,1842989,0,1894128
2017,2.4100000000000000e+02,40481,0,0,0,1008186,1048667
2017,5.5800000000000000e+02,0,2692952,0,2692952,0,2692952
2017,1.6700000000000000e+02,0,0,0,0,0,0
2017,2.4800000000000000e+02,4612000,40482191,1830750,38651441,396469,45490660
2017,2.2400000000000000e+02,2020,554479,0,554479,0,556499
2017,5.9100000000000000e+02,234561,2843644,0,2843644,0,3078205
2017,5.8600000000000000e+02,0,3073908,0,3073908,0,3073908
2017,4.5300000000000000e+02,0,89965,55994,33971,0,89965
2017,1.4500000000000000e+02,0,0,0,0,0,0
2017,5.1100000000000000e+02,0,0,0,0,1443015,1443015
2017,5.3000000000000000e+02,0,1427869,1427869,0,0,1427869
2017,6.0000000000000000e+00,110591,1394907,0,1394907,65716,1571214
2017,1.6100000000000000e+02,0,43192,0,43192,0,43192
2017,6.2300000000000000e+02,0,3686790,0,3686790,0,3686790
2017,3.4900000000000000e+02,0,21291,0,21291,0,21291
2017,8.7500000000000000e+02,0,802006,0,802006,0,802006
2017,9.4600000000000000e+02,83302,0,0,0,0,83302
2017,1.0230000000000000e+03,620312,1555955,0,1555955,0,2176267
2017,1.0540000000000000e+03,0,0,0,0,0,0
2017,1.0570000000000000e+03,0,229900,0,229900,0,229900
2017,1.0310000000000000e+03,0,15342,0,15342,0,15342
2017,1.0320000000000000e+03,353484,853269,0,853269,0,1206753
2017,1.0640000000000000e+03,72000,60548,0,60548,0,132548
2017,2.2600000000000000e+02,0,230542,0,230542,0,230542
2017,6.8700000000000000e+02,0,98521,0,98521,0,98521
2017,7.4500000000000000e+02,0,8550090,0,8550090,0,8550090
2017,1.0900000000000000e+02,0,538132,0,538132,0,538132
2017,8.0800000000000000e+02,65632,1498716,0,1498716,0,1564348
2017,9.7100000000000000e+02,0,486385,0,486385,0,486385
2017,1.2800000000000000e+02,0,371385,0,371385,0,371385
2017,9.1900000000000000e+02,17068,2532507,310511,2221996,0,2549575
2017,7.2500000000000000e+02,0,1110822,0,1110822,0,1110822
2017,3.0000000000000000e+00,0,93491,0,93491,0,93491
2017,3.0600000000000000e+02,2000,50000,0,50000,0,52000
2017,1.5000000000000000e+01,0,110030,56004,54026,1269,111299
2017,2.6400000000000000e+02,0,799707,0,799707,0,799707
2017,8.6700000000000000e+02,0,0,0,0,0,0
2017,9.1000000000000000e+02,0,434982,0,434982,0,434982
2017,1.0530000000000000e+03,0,447668,0,447668,0,447668
2017,1.0550000000000000e+03,0,522431,0,522431,153622,676053
2017,1.0810000000000000e+03,0,47074,0,47074,0,47074
2017,1.0990000000000000e+03,0,0,0,0,0,0
2017,1.1150000000000000e+03,0,0,0,0,0,0
2017,5.2900000000000000e+02,0,0,0,0,248578,248578
2017,3.4500000000000000e+02,0,0,0,0,81089,81089
2017,5.1500000000000000e+02,61570,147579,0,147579,0,209149
2017,1.7400000000000000e+02,0,136312,0,136312,0,136312
2017,5.2300000000000000e+02,0,2099074,200000,1899074,33693,2132767
2017,6.9700000000000000e+02,51785,3066098,0,3066098,237391,3355274
2017,2.3900000000000000e+02,17525,618845,334923,283922,9136,645506
2017,2.8700000000000000e+02,33195,1285104,0,1285104,,1318299
2017,3.7700000000000000e+02,0,43694,0,43694,0,43694
2017,6.9200000000000000e+02,97153,637864,0,637864,0,735017
2017,4.3500000000000000e+02,182177,1381037,0,1381037,0,1563214
2017,4.2300000000000000e+02,3194,71359,0,71359,994,75547
2017,3.5100000000000000e+02,3588,62314,0,62314,1209,67111
2017,8.1000000000000000e+02,1368,30583,0,30583,426,32377
2017,8.3000000000000000e+02,13830,1751105,0,1751105,0,1764935
2017,8.9200000000000000e+02,0,3829685,0,3829685,0,3829685
2017,9.2100000000000000e+02,0,684483,0,684483,0,684483
2017,9.9100000000000000e+02,0,62949,0,62949,0,62949
2017,9.9200000000000000e+02,0,1137625,191787,945838,0,1137625
2017,9.9300000000000000e+02,0,0,0,0,0,0
2017,1.0700000000000000e+03,0,2757080,0,2757080,0,2757080
2017,1.0950000000000000e+03,4392,80496,0,80496,0,84888
2017,1.0940000000000000e+03,756,27027,0,27027,0,27783
2017,1.1240000000000000e+03,0,77176,0,77176,0,77176
2017,4.7300000000000000e+02,0,810264,0,810264,114,810378
2017,6.6300000000000000e+02,132777,11707087,0,11707087,0,11839864
2017,5.5200000000000000e+02,0,433044,0,433044,0,433044
2017,7.7200000000000000e+02,4169086,12884248,0,12884248,76116,17129450
2017,5.6800000000000000e+02,0,289966,0,289966,0,289966
2017,3.9800000000000000e+02,0,1674571,0,1674571,0,1674571
2017,3.9400000000000000e+02,0,244044,0,244044,0,244044
2017,6.1400000000000000e+02,0,24071,0,24071,0,24071
2017,2.3500000000000000e+02,23018,935547,0,935547,47040,1005605
2017,6.1600000000000000e+02,66768,865932,0,865932,0,932700
2017,2.6700000000000000e+02,6990,1078913,0,1078913,116575,1202478
2017,5.6500000000000000e+02,0,1067913,0,1067913,0,1067913
2017,2.2000000000000000e+02,179483,660343,0,660343,0,839826
2017,2.7800000000000000e+02,111274,2673792,-428388,3102180,0,2785066
2017,1.0700000000000000e+02,26471,1042357,0,1042357,0,1068828
2017,7.1100000000000000e+02,841555,2839444,0,2839444,763395,4444394
2017,2.0400000000000000e+02,0,124987,0,124987,0,124987
2017,5.7900000000000000e+02,0,290388,0,290388,0,290388
2017,3.4800000000000000e+02,298593,6201091,0,6201091,0,6499684
2017,7.6600000000000000e+02,360436,1324778,0,1324778,0,1685214
2017,7.6100000000000000e+02,0,943758,0,943758,0,943758
2017,7.2800000000000000e+02,22009,2906691,0,2906691,0,2928700
2017,2.8000000000000000e+02,48758,2260661,0,2260661,0,2309419
2017,2.2200000000000000e+02,7920,385224,0,385224,0,393144
2017,2.7600000000000000e+02,10701,2818149,0,2818149,0,2828850
2017,1.1000000000000000e+01,108305,1459671,0,1459671,0,1567976
2017,3.0200000000000000e+02,23652,445539,0,445539,0,469191
2017,6.8200000000000000e+02,323404,4135402,0,4135402,-670775,3788031
2017,2.7900000000000000e+02,0,2530137,0,2530137,0,2530137
2017,2.8200000000000000e+02,0,0,0,0,2437383,2437383
2017,2.8100000000000000e+02,0,3048959,0,3048959,333041,3382000
2017,1.8300000000000000e+02,3080,35730,0,35730,54101,92911
2017,6.1000000000000000e+02,208155,597210,0,597210,0,805365
2017,1.1600000000000000e+02,0,163455,0,163455,0,163455
2017,1.1500000000000000e+02,0,63169,0,63169,0,63169
2017,1.1400000000000000e+02,0,15560,0,15560,0,15560
2017,1.1900000000000000e+02,0,40820,0,40820,0,40820
2017,7.7000000000000000e+02,0,3007415,0,3007415,0,3007415
2017,5.8300000000000000e+02,110731,211321,0,211321,0,322052
2017,1.3600000000000000e+02,0,50425,0,50425,0,50425
2017,4.6900000000000000e+02,52119,151488,0,151488,0,203607
2017,6.4200000000000000e+02,10364,838068,0,838068,0,848432
2017,6.7400000000000000e+02,380893,10703071,0,10703071,0,11083964
2017,1.9300000000000000e+02,320,29297,0,29297,0,29617
2017,5.2600000000000000e+02,23396,2215355,0,2215355,0,2238751
2017,6.9800000000000000e+02,2676,9547815,0,9547815,0,9550491
2017,6.3000000000000000e+02,87871,761653,0,761653,0,849524
2017,1.2400000000000000e+02,0,42837,0,42837,0,42837
2017,3.6400000000000000e+02,0,101659,0,101659,0,101659
2017,4.3900000000000000e+02,15201,266537,0,266537,1120,282858
2017,5.7000000000000000e+02,86681,2690319,0,2690319,6384,2783384
2017,1.2300000000000000e+02,0,227303,0,227303,0,227303
2017,3.1000000000000000e+02,35031,581515,0,581515,15488,632034
2017,5.7100000000000000e+02,41201,896616,0,896616,63537,1001354
2017,2.9600000000000000e+02,4644,39187,0,39187,0,43831
2017,5.6600000000000000e+02,0,493504,0,493504,0,493504
2017,7.8400000000000000e+02,433583,4352564,0,4352564,0,4786147
2017,1.0200000000000000e+02,46082,127740,0,127740,2597686,2771508
2017,3.7900000000000000e+02,881180,287871,0,287871,270544,1439595
2017,6.3900000000000000e+02,881180,1425201,0,1425201,332551,2638932
2017,4.5700000000000000e+02,89173,157711,0,157711,0,246884
2017,6.0900000000000000e+02,31597,6898792,0,6898792,0,6930389
2017,1.0100000000000000e+02,0,219083,0,219083,5948,225031
2017,4.5400000000000000e+02,42377,609113,0,609113,0,651490
2017,3.1800000000000000e+02,0,103930,0,103930,0,103930
2017,6.0000000000000000e+02,154541,505171,0,505171,0,659712
2017,5.4500000000000000e+02,188432,667230,0,667230,0,855662
2017,1.0000000000000000e+02,515,9323,0,9323,0,9838
2017,7.0200000000000000e+02,25178,2126901,0,2126901,0,2152079
2017,7.7800000000000000e+02,693556,3355486,0,3355486,0,4049042
2017,3.4100000000000000e+02,0,27790,0,27790,0,27790
2017,9.9000000000000000e+01,8061,114066,0,114066,1161666,1283793
2017,7.6700000000000000e+02,0,272940,0,272940,0,272940
2017,3.5900000000000000e+02,21358,306983,0,306983,0,328341
2017,9.8000000000000000e+01,0,22125,0,22125,0,22125
2017,1.3200000000000000e+02,0,21204,0,21204,350641,371845
2017,9.7000000000000000e+01,0,179865,0,179865,0,179865
2017,1.0300000000000000e+02,22293,39428,0,39428,0,61721
2017,1.1000000000000000e+02,0,171026,0,171026,0,171026
2017,9.4000000000000000e+01,0,387590,0,387590,0,387590
2017,9.1000000000000000e+01,1937,145475,0,145475,0,147412
2017,6.6400000000000000e+02,387539,2142916,0,2142916,0,2530455
2017,9.1800000000000000e+02,101902,42825333,0,42825333,0,42927235
2017,9.2000000000000000e+01,0,2027,0,2027,0,2027
2017,9.5000000000000000e+01,0,83307,0,83307,0,83307
2017,3.0100000000000000e+02,27846,374817,0,374817,0,402663
2017,4.9200000000000000e+02,101849,813527,0,813527,0,915376
2017,8.1100000000000000e+02,0,363680,0,363680,0,363680
2017,8.1200000000000000e+02,196487,506466,0,506466,0,702953
2017,8.3200000000000000e+02,0,331047,0,331047,0,331047
2017,8.4100000000000000e+02,0,349918,0,349918,0,349918
2017,8.5600000000000000e+02,0,723270,0,723270,37594,760864
2017,8.5900000000000000e+02,0,257497,0,257497,0,257497
2017,8.6100000000000000e+02,1,0,0,0,0,1
2017,8.8000000000000000e+02,221,36898,0,36898,0,37119
2017,8.8300000000000000e+02,0,6241,0,6241,1,6242
2017,8.8400000000000000e+02,11519,87619,0,87619,0,99138
2017,8.7700000000000000e+02,0,528,0,528,0,528
2017,9.1100000000000000e+02,30637,1069248,0,1069248,0,1099885
2017,9.1300000000000000e+02,0,0,0,0,1,1
2017,9.2200000000000000e+02,963,1229028,0,1229028,16418,1246409
2017,9.2300000000000000e+02,0,18619,0,18619,0,18619
2017,9.2400000000000000e+02,0,191546,0,191546,0,191546
2017,9.4700000000000000e+02,0,13768,0,13768,0,13768
2017,9.5100000000000000e+02,0,86275,0,86275,55357,141632
2017,1.1030000000000000e+03,0,24059,0,24059,0,24059
2017,9.7200000000000000e+02,0,34568,0,34568,0,34568
2017,9.7300000000000000e+02,0,151499,0,151499,0,151499
2017,9.7400000000000000e+02,0,51618,0,51618,0,51618
2017,9.7500000000000000e+02,0,158325,0,158325,899,159224
2017,9.6000000000000000e+02,6085,129210,0,129210,0,135295
2017,1.0280000000000000e+03,0,2835,0,2835,0,2835
2017,9.7600000000000000e+02,0,1099457,0,1099457,0,1099457
2017,9.7700000000000000e+02,0,3309,0,3309,0,3309
2017,1.0200000000000000e+03,0,3309,0,3309,0,3309
2017,9.9400000000000000e+02,55276,331955,0,331955,0,387231
2017,9.9500000000000000e+02,11575,1094,0,1094,0,12669
2017,1.0600000000000000e+03,0,0,0,0,500,500
2017,1.0050000000000000e+03,0,2669,0,2669,0,2669
2017,1.0610000000000000e+03,0,6300,0,6300,0,6300
2017,1.0620000000000000e+03,0,0,0,0,13053,13053
2017,1.0060000000000000e+03,0,16269,0,16269,0,16269
2017,1.0880000000000000e+03,445,112936,0,112936,0,113381
2017,1.0890000000000000e+03,39507,321740,0,321740,0,361247
2017,1.0760000000000000e+03,0,1000,0,1000,0,1000
2017,1.0780000000000000e+03,0,177267,0,177267,0,177267
2017,1.0330000000000000e+03,251013,1287934,0,1287934,0,1538947
2017,1.0370000000000000e+03,0,0,0,0,1,1
2017,1.0390000000000000e+03,0,108201,0,108201,0,108201
2017,1.0670000000000000e+03,35645,205031,0,205031,0,240676
2017,1.0650000000000000e+03,2957,69870,0,69870,0,72827
2017,1.0660000000000000e+03,12612,609095,0,609095,0,621707
2017,1.1000000000000000e+03,0,0,0,0,1,1
2017,1.1050000000000000e+03,0,7561,0,7561,0,7561
2017,1.1070000000000000e+03,722,20949,0,20949,0,21671
2017,1.1110000000000000e+03,0,224442,0,224442,0,224442
2017,1.1210000000000000e+03,0,0,0,0,41215,41215
2017,1.1190000000000000e+03,0,81785,0,81785,0,81785
2017,2.0700000000000000e+02,,1004347,,1004347,0,1004347
2017,4.3100000000000000e+02,0,120438,0,120438,0,120438
2017,3.8700000000000000e+02,0,1099734,0,1099734,0,1099734
2017,1.7900000000000000e+02,0,3359,0,3359,0,3359
2017,6.0600000000000000e+02,0,525999,0,525999,0,525999
2017,9.2500000000000000e+02,58789,45964,0,45964,0,104753
2017,5.4100000000000000e+02,0,146667,0,146667,0,146667
2017,7.9700000000000000e+02,0,148293,0,148293,0,148293
2017,6.2700000000000000e+02,,436890,0,436890,0,436890
2017,1.7300000000000000e+02,0,3039,0,3039,0,3039
2017,6.3600000000000000e+02,0,8029677,0,8029677,0,8029677
2017,2.0500000000000000e+02,4677,1110821,0,1110821,0,1115498
2017,8.1400000000000000e+02,0,82746,0,82746,0,82746
2017,8.8100000000000000e+02,2268,86319,10991,75328,0,88587
2017,7.7100000000000000e+02,0,129309,129309,0,0,129309
2017,5.3300000000000000e+02,0,251644,0,251644,0,251644
2017,4.4700000000000000e+02,0,183450,0,183450,0,183450
2017,8.1500000000000000e+02,0,13269,,13269,0,13269
2017,8.0100000000000000e+02,0,0,0,0,0,0
2017,8.0000000000000000e+02,0,0,0,0,0,0
2017,3.8900000000000000e+02,0,306779,0,306779,0,306779
2017,6.9500000000000000e+02,0,0,0,0,0,0
2017,8.1600000000000000e+02,0,81440,0,81440,0,81440
2017,8.3300000000000000e+02,0,146325,0,146325,0,146325
2017,8.7000000000000000e+02,15518,452014,0,452014,0,467532
2017,9.2700000000000000e+02,0,68749,0,68749,0,68749
2017,9.6100000000000000e+02,0,0,0,0,0,0
2017,9.6200000000000000e+02,0,146943,0,146943,0,146943
2017,1.0790000000000000e+03,0,792,0,792,0,792
2017,1.1010000000000000e+03,0,0,0,0,0,0
2017,6.6600000000000000e+02,0,2869219,540597,2328622,0,2869219
2017,3.9200000000000000e+02,0,101736,15271,86465,0,101736
2017,7.9000000000000000e+02,0,4950524,0,4950524,0,4950524
2017,6.5000000000000000e+02,0,1097586,0,1097586,0,1097586
2017,8.7600000000000000e+02,0,0,0,0,1488883,1488883
2017,9.4400000000000000e+02,0,848975,0,848975,0,848975
2017,9.5200000000000000e+02,26020,917806,0,917806,0,943826
2017,5.4000000000000000e+01,0,0,0,0,0,0
2017,3.6700000000000000e+02,0,483109,0,483109,0,483109
2017,5.3800000000000000e+02,0,1404834,412674,992160,105541,1510375
2017,5.5700000000000000e+02,0,525847,0,525847,0,525847
2017,6.5300000000000000e+02,0,0,0,0,725952,725952
2017,6.4700000000000000e+02,0,327729,0,327729,0,327729
2017,9.7800000000000000e+02,0,994013,114074,879939,0,994013
2017,9.9600000000000000e+02,0,279698,0,279698,0,279698
2017,7.2900000000000000e+02,0,0,0,0,955320,955320
2017,1.8200000000000000e+02,0,0,0,0,230091,230091
2017,6.3300000000000000e+02,121366,2213708,1140743,1072965,0,2335074
2017,6.8500000000000000e+02,0,0,0,0,0,0
2017,6.8300000000000000e+02,0,71909,0,71909,0,71909
2017,9.4500000000000000e+02,13686,207003,0,207003,0,220689
2017,9.5300000000000000e+02,0,378520,0,378520,0,378520
2017,1.0220000000000000e+03,12796,89847,0,89847,0,102643
2017,1.0490000000000000e+03,6373,69493,0,69493,0,75866
2017,7.9400000000000000e+02,0,1642724,0,1642724,0,1642724
2017,4.1500000000000000e+02,0,1657468,0,1657468,0,1657468
2017,5.9200000000000000e+02,0,6383228,,6383228,0,6383228
2017,4.9700000000000000e+02,0,0,0,0,0,0
2017,4.5800000000000000e+02,9028,1374219,124032,1250187,0,1383247
2017,7.2600000000000000e+02,0,885692,0,885692,0,885692
2017,2.7200000000000000e+02,11130,208889,0,208889,0,220019
2017,8.0500000000000000e+02,805395,705913,0,705913,0,1511308
2017,2.3400000000000000e+02,39328,2413942,0,2413942,0,2453270
2017,6.4000000000000000e+01,0,0,0,0,0,0
2017,8.4200000000000000e+02,12500,32180,0,32180,0,44680
2017,8.4300000000000000e+02,0,0,0,0,0,0
2017,8.0300000000000000e+02,0,407250,0,407250,0,407250
2017,2.1100000000000000e+02,0,317000,0,317000,0,317000
2017,7.7300000000000000e+02,0,1256759,0,1256759,0,1256759
2017,4.2400000000000000e+02,0,152299,0,152299,0,152299
2017,2.9800000000000000e+02,8464,68748,0,68748,144136,221348
2017,5.9400000000000000e+02,0,1509003,2824,1506179,0,1509003
2017,2.3700000000000000e+02,25961,65365,0,65365,12575,103901
2017,1.6000000000000000e+01,0,10028,0,10028,0,10028
2017,7.6800000000000000e+02,88663,823546,0,823546,0,912209
2017,6.1700000000000000e+02,184826,945978,0,945978,0,1130804
2017,2.9700000000000000e+02,0,15444,0,15444,0,15444
2017,1.0500000000000000e+02,0,42576,0,42576,0,42576
2017,5.4400000000000000e+02,36331,217715,0,217715,78,254124
2017,8.0400000000000000e+02,78996,1535828,0,1535828,0,1614824
2017,1.0400000000000000e+02,0,137813,0,137813,0,137813
2017,2.0000000000000000e+01,0,0,0,0,1,1
2017,5.5000000000000000e+02,10364,384042,0,384042,0,394406
2017,1.1200000000000000e+02,0,1171460,0,1171460,0,1171460
2017,8.1800000000000000e+02,0,146425,0,146425,0,146425
2017,8.8200000000000000e+02,0,84397,0,84397,0,84397
2017,9.1400000000000000e+02,0,20880,0,20880,0,20880
2017,9.2800000000000000e+02,0,350996,0,350996,0,350996
2017,9.6400000000000000e+02,182288,3161811,0,3161811,53936,3398035
2017,1.0260000000000000e+03,0,25555,0,25555,0,25555
2017,1.0680000000000000e+03,0,64174,0,64174,0,64174
2017,1.1080000000000000e+03,30624,278713,0,278713,0,309337
2017,4.0400000000000000e+02,0,521225,0,521225,0,521225
2017,2.7000000000000000e+02,5146,332624,0,332624,0,337770
2017,6.7600000000000000e+02,0,100183,0,100183,0,100183
2017,7.0900000000000000e+02,0,41374,0,41374,0,41374
2017,7.5400000000000000e+02,0,4277510,0,4277510,0,4277510
2017,9.9700000000000000e+02,2230,92627,0,92627,0,94857
2017,1.0690000000000000e+03,0,153040,0,153040,0,153040
2017,1.1180000000000000e+03,59858,1399605,0,1399605,0,1459463
2017,7.3400000000000000e+02,0,752092,0,752092,0,752092
2017,2.9900000000000000e+02,0,231035,0,231035,0,231035
2017,6.4500000000000000e+02,4094,143682,0,143682,0,147776
2017,1.7000000000000000e+01,0,0,0,0,0,0
2017,1.0460000000000000e+03,0,63705,0,63705,0,63705
2017,4.2000000000000000e+02,8191,152100,0,152100,0,160291
2017,8.0200000000000000e+02,0,117125,0,117125,0,117125
2017,2.6600000000000000e+02,15286,712627,0,712627,0,727913
2017,1.3700000000000000e+02,0,154360,0,154360,0,154360
2017,7.6900000000000000e+02,0,652800,0,652800,0,652800
2017,7.7600000000000000e+02,54617,1774,0,1774,0,56391
2017,6.4000000000000000e+02,50365,1642,0,1642,0,52007
2017,3.1500000000000000e+02,0,781392,0,781392,0,781392
2017,4.0000000000000000e+01,4800,216326,0,216326,0,221126
2017,5.0800000000000000e+02,0,424848,0,424848,0,424848
2017,4.6000000000000000e+01,0,23938,0,23938,93078,117016
2017,5.9000000000000000e+02,76611,48537,0,48537,0,125148
2017,7.7700000000000000e+02,65541,2136,0,2136,0,67677
2017,8.9700000000000000e+02,488549,1859798,161770,1698028,0,2348347
2017,9.6500000000000000e+02,4272,90415,0,90415,-40566,54121
2017,4.6100000000000000e+02,0,1704,0,1704,0,1704
2017,3.7600000000000000e+02,,181951,0,181951,0,181951
2017,6.2100000000000000e+02,0,0,0,0,51025,51025
2017,7.9300000000000000e+02,0,788140,0,788140,0,788140
2017,1.1020000000000000e+03,11431,398700,0,398700,0,410131
2017,,7744,1725507,0,1725507,0,1733251
2017,7.1200000000000000e+02,0,1220444,0,1220444,0,1220444
2017,3.2000000000000000e+01,0,11423,0,11423,0,11423
2017,3.6100000000000000e+02,0,101419,0,101419,0,101419
2017,4.8600000000000000e+02,0,67041,0,67041,0,67041
2017,5.9500000000000000e+02,0,762686,0,762686,0,762686
2017,4.3300000000000000e+02,0,96994,0,96994,0,96994
2017,1.0580000000000000e+03,0,0,0,0,0,0
2017,2.6100000000000000e+02,125630,40142,0,40142,0,165772
2017,7.3000000000000000e+02,0,15681,0,15681,406106,421787
2017,5.7700000000000000e+02,0,19529,0,19529,127101,146630
2017,7.8800000000000000e+02,0,305787,0,305787,0,305787
2017,8.6500000000000000e+02,16531,233843,0,233843,0,250374
2017,9.7900000000000000e+02,4590,71946,0,71946,0,76536
2017,9.9800000000000000e+02,5261,14603,0,14603,0,19864
2017,1.0720000000000000e+03,6669,91246,0,91246,0,97915
2017,2.2100000000000000e+02,0,19084,0,19084,0,19084
2017,5.0600000000000000e+02,15334,1260207,,1260207,0,1275541
2017,7.2700000000000000e+02,1488,2330399,0,2330399,0,2331887
2017,3.5500000000000000e+02,0,34883,0,34883,0,34883
2017,4.8700000000000000e+02,17148,127200,0,127200,0,144348
2017,9.3800000000000000e+02,0,3440497,143474,3297023,204050,3644547
2017,8.8600000000000000e+02,1709,347738,0,347738,0,349447
2017,8.3500000000000000e+02,0,26747,0,26747,0,26747
2017,9.9900000000000000e+02,0,408216,0,408216,0,408216
2017,7.9800000000000000e+02,67574,2511203,0,2511203,0,2578777
2017,5.0400000000000000e+02,17004,238984,0,238984,0,255988
2017,2.4700000000000000e+02,10116,386779,0,386779,0,396895
2017,2.1600000000000000e+02,39838,5387197,0,5387197,0,5427035
2017,6.5400000000000000e+02,0,782108,0,782108,0,782108
2017,6.5000000000000000e+01,0,110960,0,110960,0,110960
2017,4.7200000000000000e+02,16731,173955,0,173955,0,190686
2017,4.2700000000000000e+02,0,32424,0,32424,0,32424
2017,4.9100000000000000e+02,0,253018,0,253018,0,253018
2017,5.5100000000000000e+02,848,93407,0,93407,0,94255
2017,1.0600000000000000e+02,0,6261,0,6261,0,6261
2017,8.1900000000000000e+02,0,49471,0,49471,0,49471
2017,8.3600000000000000e+02,0,3000,0,3000,0,3000
2017,9.1500000000000000e+02,0,120438,0,120438,0,120438
2017,9.4200000000000000e+02,0,72000,0,72000,0,72000
2017,1.1400000000000000e+03,0,19935471,0,19935471,0,19935471
2017,7.4800000000000000e+02,0,1820722,0,1820722,0,1820722
2017,1.9800000000000000e+02,0,13108,0,13108,0,13108
2017,8.7100000000000000e+02,2015,436491,0,436491,0,438506
2017,9.4800000000000000e+02,0,776981,0,776981,0,776981
2017,1.0510000000000000e+03,0,2565,0,2565,0,2565
2017,1.0830000000000000e+03,0,0,0,0,0,0
2017,1.0960000000000000e+03,0,6710,0,6710,0,6710
2017,6.7900000000000000e+02,40951,0,0,0,815729,856680
2017,1.7600000000000000e+02,35336,467939,0,467939,21,503296
2017,5.3700000000000000e+02,0,322954,0,322954,0,322954
2017,6.0800000000000000e+02,0,0,0,0,0,0
2017,5.9600000000000000e+02,0,0,0,0,0,0
2017,7.4900000000000000e+02,0,3631115,0,3631115,0,3631115
2017,7.5800000000000000e+02,0,4748138,0,4748138,0,4748138
2017,1.1040000000000000e+03,,3843759,0,3843759,0,3843759
2017,5.6700000000000000e+02,0,475538,0,475538,0,475538
2017,6.7700000000000000e+02,0,1787211,0,1787211,0,1787211
2017,6.7000000000000000e+02,0,1814513,0,1814513,0,1814513
2017,5.8800000000000000e+02,0,1041027,0,1041027,0,1041027
2017,7.5300000000000000e+02,0,4767139,0,4767139,0,4767139
2017,8.8700000000000000e+02,0,849928,0,849928,0,849928
2017,2.4500000000000000e+02,23256,3065214,0,3065214,0,3088470
2017,6.0300000000000000e+02,80621,3029864,0,3029864,0,3110485
2017,4.2600000000000000e+02,17053,482470,0,482470,9361,508884
2017,2.3200000000000000e+02,0,320108,0,320108,0,320108
2017,2.8800000000000000e+02,99493,436487,0,436487,0,535980
2017,2.4600000000000000e+02,22242,1096823,,1096823,0,1119065
2017,2.8400000000000000e+02,16332,721695,0,721695,0,738027
2017,1.8000000000000000e+01,2165986,0,0,0,0,2165986
2017,3.5600000000000000e+02,0,374225,0,374225,0,374225
2017,4.0100000000000000e+02,817858,232247,0,232247,0,1050105
2017,7.3300000000000000e+02,55139,11474560,0,11474560,0,11529699
2017,2.4300000000000000e+02,4321,2736729,0,2736729,0,2741050
2017,3.8000000000000000e+02,0,1377502,0,1377502,0,1377502
2017,7.1600000000000000e+02,0,596491,0,596491,0,596491
2017,5.3400000000000000e+02,38506,2418317,0,2418317,0,2456823
2017,1.8500000000000000e+02,0,534497,0,534497,0,534497
2017,2.5800000000000000e+02,14643,1096855,573870,522985,0,1111498
2017,5.0500000000000000e+02,0,0,0,0,0,0
2017,2.6800000000000000e+02,0,1609826,929419,680407,0,1609826
2017,6.0200000000000000e+02,284963,1639663,0,1639663,442572,2367198
2017,2.5400000000000000e+02,8939,864375,0,864375,0,873314
2017,7.0500000000000000e+02,31841,2560543,0,2560543,0,2592384
2017,1.3300000000000000e+02,,255428,0,255428,0,255428
2017,3.3000000000000000e+01,0,0,0,0,0,0
2017,1.4300000000000000e+02,192841,257650,19770,237880,0,450491
2017,3.6000000000000000e+01,0,1030951,0,1030951,0,1030951
2017,7.5600000000000000e+02,0,3287393,0,3287393,0,3287393
2017,6.6200000000000000e+02,51103,477540,0,477540,0,528643
2017,1.9200000000000000e+02,0,484991,0,484991,0,484991
2017,3.8200000000000000e+02,7579,585516,0,585516,0,593095
2017,3.2200000000000000e+02,41187,9153851,651021,8502830,0,9195038
2017,4.7800000000000000e+02,0,1779483,0,1779483,0,1779483
2017,3.5200000000000000e+02,22458,368465,0,368465,0,390923
2017,6.2800000000000000e+02,0,802526,0,802526,540632,1343158
2017,2.9100000000000000e+02,0,435701,0,435701,0,435701
2017,4.9500000000000000e+02,0,510352,0,510352,0,510352
2017,8.4500000000000000e+02,0,1856990,0,1856990,0,1856990
2017,4.9800000000000000e+02,0,454763,0,454763,0,454763
2017,3.1400000000000000e+02,0,338984,338984,0,0,338984
2017,7.2000000000000000e+02,0,333922,0,333922,0,333922
2017,7.2100000000000000e+02,0,1493906,0,1493906,0,1493906
2017,4.8500000000000000e+02,0,0,0,0,1935,1935
2017,2.7300000000000000e+02,0,3329110,0,3329110,0,3329110
2017,8.4600000000000000e+02,215261,2028451,0,2028451,0,2243712
2017,8.4700000000000000e+02,265244,3164101,0,3164101,0,3429345
2017,8.4800000000000000e+02,2519590,2519590,,2519590,0,5039180
2017,9.1600000000000000e+02,26727,1106061,0,1106061,0,1132788
2017,9.3000000000000000e+02,100000,495527,0,495527,0,595527
2017,9.5400000000000000e+02,110309,3504291,0,3504291,0,3614600
2017,9.4300000000000000e+02,0,456889,0,456889,0,456889
2017,9.4900000000000000e+02,0,7065804,0,7065804,0,7065804
2017,9.8000000000000000e+02,47814,3031532,0,3031532,0,3079346
2017,9.8100000000000000e+02,0,706252,0,706252,0,706252
2017,1.0240000000000000e+03,10370,3110810,0,3110810,0,3121180
2017,1.0170000000000000e+03,1524,152086,0,152086,0,153610
2017,1.0000000000000000e+03,0,5512786,0,5512786,0,5512786
2017,1.0180000000000000e+03,0,2807205,0,2807205,0,2807205
2017,1.0010000000000000e+03,17000,1069000,0,1069000,0,1086000
2017,1.0070000000000000e+03,0,279280,0,279280,0,279280
2017,1.0080000000000000e+03,0,577312,0,577312,0,577312
2017,1.0100000000000000e+03,,49983,0,49983,0,49983
2017,1.0110000000000000e+03,0,145831,0,145831,0,145831
2017,1.0120000000000000e+03,0,234250,0,234250,0,234250
2017,1.0130000000000000e+03,0,745906,0,745906,0,745906
2017,1.0410000000000000e+03,0,0,0,0,0,0
2017,1.0730000000000000e+03,429542,1544771,0,1544771,223923,2198236
2017,1.0870000000000000e+03,499842,2145673,218595,1927078,13526,2659041
2017,1.1090000000000000e+03,0,4038391,0,4038391,0,4038391
2017,1.1100000000000000e+03,0,3769355,0,3769355,0,3769355
2017,1.1120000000000000e+03,0,332359,0,332359,0,332359
2017,1.1200000000000000e+03,0,458274,0,458274,0,458274
2017,1.1260000000000000e+03,0,1124939,0,1124939,0,1124939
2017,7.8900000000000000e+02,0,1530901,0,1530901,0,1530901
2017,3.2600000000000000e+02,3503,1178293,0,1178293,0,1181796
2017,4.4200000000000000e+02,7595,288790,0,288790,203460,499845
2017,2.9400000000000000e+02,0,1026698,0,1026698,0,1026698
2017,3.7800000000000000e+02,0,122682,0,122682,0,122682
2017,4.0200000000000000e+02,0,0,0,0,0,0
2017,2.9000000000000000e+01,0,0,0,0,28195,28195
2017,4.5000000000000000e+02,0,0,0,0,0,0
2017,6.5600000000000000e+02,0,38763,0,38763,0,38763
2017,3.3300000000000000e+02,,1232863,1175,1231688,81118,1313981
2017,6.8400000000000000e+02,0,169552,0,169552,0,169552
2017,4.2200000000000000e+02,907,67430,0,67430,0,68337
2017,7.6300000000000000e+02,13846,343427,0,343427,0,357273
2017,7.4100000000000000e+02,0,0,0,0,0,0
2017,5.5300000000000000e+02,0,799070,0,799070,0,799070
2017,3.5700000000000000e+02,0,2886,0,2886,0,2886
2017,8.9900000000000000e+02,0,48555,36701,11854,0,48555
2017,9.0000000000000000e+02,0,77028,0,77028,0,77028
2017,9.3200000000000000e+02,0,0,0,0,0,0
2017,9.5000000000000000e+02,0,8323,0,8323,0,8323
2017,9.6600000000000000e+02,7321,567585,,567585,0,574906
2017,9.6700000000000000e+02,0,157839,0,157839,0,157839
2017,9.8200000000000000e+02,170650,565818,0,565818,0,736468
2017,1.0140000000000000e+03,0,1421,0,1421,0,1421
2017,1.0800000000000000e+03,502970,16308243,0,16308243,14876,16826089
2017,1.0740000000000000e+03,0,0,0,0,0,0
2017,1.0840000000000000e+03,0,350364,0,350364,0,350364
2017,1.1130000000000000e+03,,0,0,0,102009,102009
2017,1.1370000000000000e+03,5146834,7182557,2707379,4475178,0,12329391
2017,1.1420000000000000e+03,0,152438,0,152438,0,152438
2017,7.2200000000000000e+02,21166,5914063,0,5914063,260423,6195652
2017,6.6000000000000000e+02,0,1277706,0,1277706,0,1277706
2017,7.5000000000000000e+01,0,90614,0,90614,0,90614
2017,2.4900000000000000e+02,0,1301925,0,1301925,0,1301925
2017,2.2700000000000000e+02,0,0,0,0,1567697,1567697
2017,1.5000000000000000e+02,0,14408,0,14408,0,14408
2017,4.7000000000000000e+01,0,18925,0,18925,0,18925
2017,1.7200000000000000e+02,0,290792,0,290792,0,290792
2017,5.8100000000000000e+02,767159,767159,0,767159,0,1534318
2017,1.2000000000000000e+02,0,0,0,0,0,0
2017,4.4500000000000000e+02,0,0,0,0,0,0
2017,4.7100000000000000e+02,0,460592,0,460592,,460592
2017,5.3000000000000000e+01,0,0,0,0,0,0
2017,1.9900000000000000e+02,1507,1713707,0,1713707,0,1715214
2017,5.7500000000000000e+02,0,891818,0,891818,0,891818
2017,5.2800000000000000e+02,0,81600,0,81600,43659,125259
2017,6.3100000000000000e+02,0,6045348,0,6045348,0,6045348
2017,6.9900000000000000e+02,8645,3972501,0,3972501,0,3981146
2017,8.2300000000000000e+02,0,71155,0,71155,48410,119565
2017,8.4900000000000000e+02,,1303857,0,1303857,0,1303857
2017,8.6900000000000000e+02,0,618707,0,618707,0,618707
2017,9.5500000000000000e+02,0,0,0,0,0,0
2017,9.8300000000000000e+02,0,53417,0,53417,0,53417
2017,1.0020000000000000e+03,0,65255,0,65255,0,65255
2017,1.0150000000000000e+03,0,274800,0,274800,0,274800
2017,5.1000000000000000e+01,0,9323,0,9323,0,9323
2017,4.4100000000000000e+02,0,361172,0,361172,363186,724358
2017,3.2700000000000000e+02,0,107251,0,107251,0,107251
2017,6.9000000000000000e+02,60947,3184751,1315268,1869483,0,3245698
2017,2.6200000000000000e+02,163687,2125340,0,2125340,0,2289027
2017,4.0300000000000000e+02,0,56286,0,56286,0,56286
2017,3.1200000000000000e+02,18239,183931,0,183931,0,202170
2017,5.8900000000000000e+02,0,2469136,0,2469136,0,2469136
2017,6.6500000000000000e+02,0,545923,0,545923,504824,1050747
2017,3.3400000000000000e+02,18364,3757,0,3757,0,22121
2017,1.0750000000000000e+03,0,0,0,0,9804598,9804598
2017,7.5100000000000000e+02,57082,976747,0,976747,0,1033829
2017,1.8600000000000000e+02,20466,48316,0,48316,0,68782
2017,6.4600000000000000e+02,0,0,0,0,0,0
2017,5.3600000000000000e+02,0,0,0,0,0,0
2017,2.4200000000000000e+02,3363,154901,0,154901,0,158264
2017,4.9000000000000000e+02,0,0,0,0,148552,148552
2017,5.0000000000000000e+02,129150,624875,0,624875,0,754025
2017,2.0600000000000000e+02,5573,678664,0,678664,0,684237
2017,5.8000000000000000e+01,1694,7806,0,7806,0,9500
2017,5.7200000000000000e+02,0,384990,0,384990,0,384990
2017,1.8000000000000000e+02,279,177177,0,177177,0,177456
2017,5.4900000000000000e+02,0,246785,0,246785,0,246785
2017,5.8200000000000000e+02,0,203428,0,203428,0,203428
2017,7.4300000000000000e+02,0,2167847,0,2167847,0,2167847
2017,7.9500000000000000e+02,78342,263430,0,263430,0,341772
2017,2.6900000000000000e+02,465,26585,0,26585,0,27050
2017,6.3400000000000000e+02,153150,5685669,0,5685669,0,5838819
2017,1.0000000000000000e+00,3041,114153,0,114153,0,117194
2017,7.1700000000000000e+02,0,5300415,0,5300415,0,5300415
2017,3.7300000000000000e+02,0,16466,0,16466,0,16466
2017,5.3500000000000000e+02,0,341265,0,341265,0,341265
2017,8.2400000000000000e+02,0,0,0,0,433954,433954
2017,8.8800000000000000e+02,0,251523,0,251523,0,251523
2017,9.0200000000000000e+02,0,710,0,710,0,710
2017,9.6800000000000000e+02,0,0,0,0,0,0
2017,1.1300000000000000e+03,0,0,0,0,0,0
2017,1.1410000000000000e+03,0,0,0,0,0,0
2017,1.1450000000000000e+03,0,1366025,287771,1078254,0,1366025
2017,1.1220000000000000e+03,0,0,0,0,0,0
2017,1.1330000000000000e+03,15044,706747,0,706747,688632,1410423
2017,3.4600000000000000e+02,4463,210087,0,210087,0,214550
2017,2.7000000000000000e+01,2954,203896,0,203896,0,206850
2017,1.6500000000000000e+02,0,263611,0,263611,0,263611
2017,9.5600000000000000e+02,0,1641244,0,1641244,60499,1701743
2017,4.1300000000000000e+02,0,16550,,16550,0,16550
2017,1.4900000000000000e+02,164,725257,0,725257,0,725421
2017,6.1200000000000000e+02,0,1146558,0,1146558,0,1146558
2017,5.5900000000000000e+02,0,131668,0,131668,0,131668
2017,7.0000000000000000e+00,0,749295,0,749295,0,749295
2017,2.8300000000000000e+02,31880,1879259,0,1879259,897170,2808309
2017,3.7000000000000000e+01,642,65312,0,65312,166035,231989
2017,1.5300000000000000e+02,88155,3035478,1974313,1061165,0,3123633
2017,5.4700000000000000e+02,0,398668,0,398668,0,398668
2017,3.9700000000000000e+02,0,202271,202271,0,0,202271
2017,5.5600000000000000e+02,0,686307,0,686307,0,686307
2017,4.2000000000000000e+01,2612281,2461943,121705,2340238,36263,5110487
2017,3.1000000000000000e+01,0,847810,0,847810,0,847810
2017,7.4000000000000000e+02,0,4977739,0,4977739,0,4977739
2017,2.1700000000000000e+02,22425,1463501,0,1463501,0,1485926
2017,8.6300000000000000e+02,2528,385437,0,385437,0,387965
2017,8.8900000000000000e+02,19924,5576640,,5576640,0,5596564
2017,9.8400000000000000e+02,0,1883737,0,1883737,0,1883737
2017,1.1060000000000000e+03,0,813245,0,813245,0,813245
2017,1.1460000000000000e+03,0,537001,8334,528667,0,537001
2017,3.4000000000000000e+01,0,10981,0,10981,0,10981
2017,7.9100000000000000e+02,0,655601,0,655601,0,655601
2017,1.8100000000000000e+02,0,655601,0,655601,0,655601
2017,4.3000000000000000e+02,,18438,0,18438,0,18438
2017,7.1500000000000000e+02,219000,2374000,1264000,1110000,1136000,3729000
2017,5.2100000000000000e+02,28432,306989,0,306989,0,335421
2017,5.2400000000000000e+02,31341,1289134,0,1289134,0,1320475
2017,4.3200000000000000e+02,0,217299,0,217299,10211,227510
2017,1.9000000000000000e+01,0,57722,0,57722,0,57722
2017,2.5000000000000000e+01,0,3766,0,3766,0,3766
2017,2.6000000000000000e+01,0,1291681,0,1291681,0,1291681
2017,8.9000000000000000e+02,0,667466,0,667466,0,667466
2017,9.0400000000000000e+02,0,105947,0,105947,0,105947
2017,9.5700000000000000e+02,79432,39871251,0,39871251,0,39950683
2017,9.3900000000000000e+02,0,9150142,0,9150142,0,9150142
2017,2.3600000000000000e+02,19414,72943,,72943,175033,267390
2017,7.3500000000000000e+02,0,1920600,0,1920600,0,1920600
2017,1.4600000000000000e+02,0,312110,0,312110,0,312110
2017,3.6300000000000000e+02,14163,780800,0,780800,0,794963
2017,1.8700000000000000e+02,0,366890,0,366890,0,366890
2017,2.6500000000000000e+02,0,79780,0,79780,0,79780
2017,2.9500000000000000e+02,32234,1689969,0,1689969,0,1722203
2017,4.9600000000000000e+02,14141,717176,0,717176,0,731317
2017,7.7000000000000000e+01,0,74586,0,74586,0,74586
2017,3.9100000000000000e+02,0,33350,0,33350,1080000,1113350
2017,2.4000000000000000e+02,4398,547950,547950,0,0,552348
2017,4.4800000000000000e+02,0,0,0,0,0,0
2017,1.5100000000000000e+02,0,93536,0,93536,0,93536
2017,4.2500000000000000e+02,0,199954,0,199954,0,199954
2017,3.0000000000000000e+02,0,0,0,0,0,0
2017,3.3900000000000000e+02,9353,1588775,0,1588775,0,1598128
2017,8.7400000000000000e+02,0,399954,,399954,0,399954
2017,9.0500000000000000e+02,0,3192336,0,3192336,0,3192336
2017,1.1230000000000000e+03,0,120657,0,120657,0,120657
2017,7.3600000000000000e+02,0,981946,0,981946,0,981946
2017,4.5900000000000000e+02,0,1043942,0,1043942,0,1043942
2017,3.2000000000000000e+02,2742,1054368,0,1054368,0,1057110
2017,4.5000000000000000e+01,0,2929743,0,2929743,0,2929743
2017,6.1800000000000000e+02,0,391975,0,391975,0,391975
2017,4.6300000000000000e+02,0,708592,158217,550375,0,708592
2017,8.9100000000000000e+02,0,1130104,0,1130104,0,1130104
2017,9.5800000000000000e+02,18150,1619053,0,1619053,0,1637203
2017,2.4400000000000000e+02,0,161816,0,161816,0,161816
2017,2.8000000000000000e+01,0,17748,0,17748,0,17748
2017,4.4400000000000000e+02,5990,79709,0,79709,0,85699
2017,4.7900000000000000e+02,0,3910371,0,3910371,0,3910371
2017,2.8500000000000000e+02,0,510984,0,510984,0,510984
2017,2.5300000000000000e+02,0,800402,0,800402,0,800402
2017,4.8100000000000000e+02,28854,61593,0,61593,0,90447
2017,5.4000000000000000e+02,23619,583748,0,583748,0,607367
2017,4.1000000000000000e+01,0,0,0,0,0,0
2017,5.1000000000000000e+02,0,11807309,0,11807309,0,11807309
2017,3.0500000000000000e+02,0,46832,0,46832,0,46832
2017,7.0800000000000000e+02,0,70191,0,70191,0,70191
2017,7.5500000000000000e+02,0,159452,0,159452,0,159452
2017,7.5000000000000000e+02,0,171298,0,171298,0,171298
2017,6.9600000000000000e+02,0,739154,0,739154,0,739154
2017,4.2100000000000000e+02,0,349889,0,349889,228071,577960
2017,8.2700000000000000e+02,0,0,0,0,0,0
2017,9.3300000000000000e+02,,498128,0,498128,0,498128
2017,1.0300000000000000e+03,34751,953028,0,953028,0,987779
2017,1.0030000000000000e+03,0,34853,0,34853,0,34853
2017,1.0500000000000000e+03,0,7380,0,7380,0,7380
2017,1.0430000000000000e+03,0,2206633,0,2206633,0,2206633
2017,1.1280000000000000e+03,0,431789,0,431789,0,431789
2017,1.1250000000000000e+03,17615,327465,0,327465,99367,444447
2017,1.1350000000000000e+03,0,799015,0,799015,0,799015
2017,9.3400000000000000e+02,0,1151834,0,1151834,0,1151834
2017,6.2900000000000000e+02,0,4421015,0,4421015,0,4421015
2017,2.1000000000000000e+01,0,54509,0,54509,9186,63695
2017,6.1500000000000000e+02,169762,598312,0,598312,0,768074
2017,6.2600000000000000e+02,16475,157896,0,157896,0,174371
2017,4.1700000000000000e+02,0,164139,0,164139,0,164139
2017,5.9700000000000000e+02,0,356718,0,356718,0,356718
2017,5.3900000000000000e+02,6194,628718,0,628718,0,634912
2017,3.4300000000000000e+02,2339,87657,0,87657,37720,127716
2017,1.3500000000000000e+02,2854,123559,0,123559,0,126413
2017,1.5800000000000000e+02,242489,1653397,130185,1523212,0,1895886
2017,7.7500000000000000e+02,0,850696,0,850696,0,850696
2017,1.7700000000000000e+02,0,1,0,1,0,1
2017,5.7800000000000000e+02,742,233551,0,233551,0,234293
2017,4.1600000000000000e+02,0,1114447,0,1114447,0,1114447
2017,5.6100000000000000e+02,0,911637,0,911637,0,919972
2017,6.2000000000000000e+01,0,85127,0,85127,0,85127
2017,8.2800000000000000e+02,0,28719,0,28719,0,28719
2017,8.6000000000000000e+02,23563,472588,0,472588,0,496151
2017,9.3500000000000000e+02,0,3400,0,3400,0,3400
2017,9.3600000000000000e+02,0,23815,0,23815,0,23815
2017,9.8600000000000000e+02,3974,135216,0,135216,0,139190
2017,9.8700000000000000e+02,0,151160,0,151160,0,151160
2017,1.0210000000000000e+03,0,16433,0,16433,0,16433
2017,1.0850000000000000e+03,103574,50478,0,50478,0,154052
2017,6.5800000000000000e+02,0,1049624,0,1049624,0,1049624
2017,3.5300000000000000e+02,0,71859,,71859,0,71859
2017,3.2300000000000000e+02,0,91720,0,91720,0,91720
2017,6.2000000000000000e+02,0,731454,0,731454,0,731454
2017,3.8400000000000000e+02,0,668310,0,668310,0,668310
2017,5.5400000000000000e+02,0,408605,0,408605,0,408605
2017,2.0900000000000000e+02,29784,226673,0,226673,0,256457
2017,7.0700000000000000e+02,0,1402313,0,1402313,0,1402313
2017,3.9500000000000000e+02,0,422395,0,422395,0,422395
2017,9.6900000000000000e+02,0,77880,0,77880,0,77880
2017,1.0520000000000000e+03,,25839,0,25839,0,25839
2017,7.3900000000000000e+02,0,0,0,0,2701600,2701600
2017,6.1300000000000000e+02,0,3617038,0,3617038,0,3617038
2017,5.9300000000000000e+02,0,2896857,0,2896857,0,2896857
2017,7.0400000000000000e+02,0,4077002,0,4077002,0,4077002
2017,4.9300000000000000e+02,0,190197,0,190197,0,190197
2017,6.8600000000000000e+02,361401,2827283,0,2827283,0,3188684
2017,2.5700000000000000e+02,121365,4817670,0,4817670,0,4939035
2017,4.9400000000000000e+02,7277,247619,3115,244504,0,254896
2017,6.8100000000000000e+02,1463,1426604,,1426604,0,1428067
2017,2.8600000000000000e+02,52138,2998577,0,2998577,0,3050715
2017,2.5500000000000000e+02,0,1732447,0,1732447,0,1732447
2017,7.9000000000000000e+01,0,0,0,0,103569,103569
2017,8.1000000000000000e+01,0,0,0,0,0,0
2017,6.8800000000000000e+02,0,0,0,0,1055554,1055554
2017,5.3100000000000000e+02,0,756821,0,756821,212407,969228
2017,5.1400000000000000e+02,0,203448,0,203448,0,203448
2017,4.9900000000000000e+02,87495,639826,0,639826,0,727321
2017,5.3200000000000000e+02,0,1407468,0,1407468,0,1407468
2017,1.9000000000000000e+02,0,213600,0,213600,180000,393600
2017,5.9800000000000000e+02,0,975217,0,975217,0,975217
2017,2.6000000000000000e+02,70341,3997514,0,3997514,0,4067855
2017,8.3800000000000000e+02,0,21291,0,21291,0,21291
2017,8.3900000000000000e+02,4803,346306,0,346306,0,351109
2017,8.5100000000000000e+02,0,8791,0,8791,0,8791
2017,8.5200000000000000e+02,218821,3046746,0,3046746,0,3265567
2017,9.8800000000000000e+02,0,56089,0,56089,0,56089
2017,1.0560000000000000e+03,631672,1215314,,1215314,0,1846986
2017,1.0440000000000000e+03,0,33309,0,33309,0,33309
2017,1.1140000000000000e+03,0,167196,0,167196,0,167196
2017,1.1290000000000000e+03,234495,12466301,0,12466301,0,12700796
2017,6.4400000000000000e+02,447193,2542010,0,2542010,0,2989203
2017,7.5200000000000000e+02,584067,5770432,2516348,3254084,5844,6360343
2017,2.3800000000000000e+02,0,815347,0,815347,0,815347
2017,3.2500000000000000e+02,50578,340719,0,340719,0,391297
2017,6.2200000000000000e+02,0,1023722,193539,830183,0,1023722
2017,8.7900000000000000e+02,0,185766,0,185766,0,185766
2017,9.0600000000000000e+02,2571,518881,0,518881,0,521452
2017,3.7000000000000000e+02,40984,847399,0,847399,0,888383
2017,4.1800000000000000e+02,54329,103119,0,103119,0,157448
2017,5.7400000000000000e+02,18513,153707,0,153707,85470,257690
2017,3.9900000000000000e+02,13528,110916,0,110916,0,124444
2017,1.9500000000000000e+02,0,306086,0,306086,0,306086
2017,7.8300000000000000e+02,410032,908977,0,908977,0,1319009
2017,2.6300000000000000e+02,52267,153971,0,153971,0,206238
2017,1.9400000000000000e+02,4639,56949,0,56949,0,61588
2017,2.1400000000000000e+02,0,20574,0,20574,0,20574
2017,7.8500000000000000e+02,443462,12244815,0,12244815,0,12688277
2017,7.8000000000000000e+02,77124,286347,0,286347,0,363471
2017,7.8200000000000000e+02,250726,453266,0,453266,0,703992
2017,3.6900000000000000e+02,38246,51033,0,51033,0,89279
2017,7.1300000000000000e+02,0,174398,0,174398,0,174398
2017,9.4100000000000000e+02,3025,1078,0,1078,0,4103
2017,1.0910000000000000e+03,111911,57264,0,57264,0,169175
2017,1.0450000000000000e+03,0,52986,0,52986,0,52986
2017,1.0860000000000000e+03,503444,91083,0,91083,0,594527
2017,9.3700000000000000e+02,2766,2955635,0,2955635,0,2958401
2017,1.0040000000000000e+03,0,30020,0,30020,0,30020
2017,7.3700000000000000e+02,0,2624126,0,2624126,150123,2774249
2017,7.6500000000000000e+02,0,131016,0,131016,0,131016
2017,3.2900000000000000e+02,0,944091,0,944091,0,944091
2017,8.7000000000000000e+01,0,106205,0,106205,0,106205
2017,5.2700000000000000e+02,0,336208,0,336208,0,336208
2017,5.6200000000000000e+02,77329,1832110,0,1832110,0,1909439
2017,2.5100000000000000e+02,,51117,0,51117,,51117
2017,1.2900000000000000e+02,3387,310542,0,310542,233950,547879
2017,1.5400000000000000e+02,499739,275595,0,275595,0,775334
2017,5.1600000000000000e+02,0,1420606,0,1420606,0,1420606
2017,1.8400000000000000e+02,0,162407,0,162407,0,162407
2017,6.5200000000000000e+02,0,0,0,0,0,0
2017,6.3700000000000000e+02,0,599240,0,599240,0,599240
2017,8.8000000000000000e+01,0,0,0,0,4839,4839
2017,9.0700000000000000e+02,195,3568,0,3568,0,3763
2017,9.7000000000000000e+02,1125,144459,0,144459,0,145584
2017,1.0190000000000000e+03,0,13171,0,13171,0,13171
2017,1.0160000000000000e+03,0,503033,0,503033,0,503033
2017,1.0470000000000000e+03,0,422276,0,422276,0,422276
2017,6.3500000000000000e+02,248362,1515194,0,1515194,0,1763556
